seed,label,lambda,brier,delta_brier
20260926,electronic,0.0,0.15841877034379803,0.0
20260926,electronic,0.25,0.16003242226617467,0.001613651922376641
20260926,electronic,0.5,0.16180631820223412,0.0033875478584360907
20260926,electronic,0.75,0.1637404581519764,0.005321687808178377
20260926,electronic,1.0,0.16583484211540156,0.007416071771603527
20260926,pop,0.0,0.13007059478644278,0.0
20260926,pop,0.25,0.13091315552918462,0.0008425607427418325
20260926,pop,0.5,0.13199414755887534,0.0019235527724325574
20260926,pop,0.75,0.13331357087551493,0.003242976089072147
20260926,pop,1.0,0.13487142547910339,0.0048008306926606015
20260926,ambient,0.0,0.1569278438725398,0.0
20260926,ambient,0.25,0.1502156312300856,-0.006712212642454196
20260926,ambient,0.5,0.14567822002446196,-0.011249623848077844
20260926,ambient,0.75,0.1433156102556688,-0.013612233616871
20260926,ambient,1.0,0.1431278019237062,-0.013800041948833608
20260926,rock,0.0,0.11336078568998667,0.0
20260926,rock,0.25,0.11438020748582486,0.0010194217958381935
20260926,rock,0.5,0.11577976338547304,0.0024189776954863657
20260926,rock,0.75,0.11755945338893115,0.004198667698944475
20260926,rock,1.0,0.11971927749619922,0.006358491806212549
20260927,electronic,0.0,0.14025209429769797,0.0
20260927,electronic,0.25,0.14201447538090237,0.0017623810832043951
20260927,electronic,0.5,0.14400126989895481,0.0037491756012568433
20260927,electronic,0.75,0.14621247785185532,0.005960383554157345
20260927,electronic,1.0,0.14864809923960373,0.00839600494190576
20260927,pop,0.0,0.16065007114173452,0.0
20260927,pop,0.25,0.1610795426770502,0.00042947153531569526
20260927,pop,0.5,0.16192872267409134,0.001278651532356817
20260927,pop,0.75,0.16319761113285794,0.002547539991123421
20260927,pop,1.0,0.16488620805334991,0.004236136911615396
20260927,ambient,0.0,0.142140934338639,0.0
20260927,ambient,0.25,0.13469223016670168,-0.007448704171937326
20260927,ambient,0.5,0.13016063474912187,-0.01198029958951713
20260927,ambient,0.75,0.1285461480858995,-0.013594786252739494
20260927,ambient,1.0,0.12984877017703458,-0.012292164161604419
20260927,rock,0.0,0.094788779292121,0.0
20260927,rock,0.25,0.0944021927477967,-0.00038658654432430217
20260927,rock,0.5,0.0946329195820636,-0.00015585971005739607
20260927,rock,0.75,0.09548095979492166,0.0006921805028006628
20260927,rock,1.0,0.09694631338637093,0.00215753409424993
20260928,electronic,0.0,0.15731804531973786,0.0
20260928,electronic,0.25,0.15793751277169146,0.0006194674519535981
20260928,electronic,0.5,0.15874603340144863,0.0014279880817107682
20260928,electronic,0.75,0.15974360720900932,0.0024255618892714548
20260928,electronic,1.0,0.16093023419437355,0.0036121888746356856
20260928,pop,0.0,0.13077292692066675,0.0
20260928,pop,0.25,0.13169017427380778,0.0009172473531410263
20260928,pop,0.5,0.1329678567631253,0.0021949298424585595
20260928,pop,0.75,0.1346059743886194,0.003833047467952655
20260928,pop,1.0,0.13660452715029014,0.005831600229623396
20260928,ambient,0.0,0.14687241035841486,0.0
20260928,ambient,0.25,0.13645502692334383,-0.010417383435071037
20260928,ambient,0.5,0.12959105687992345,-0.017281353478491412
20260928,ambient,0.75,0.1262805002281536,-0.020591910130261265
20260928,ambient,1.0,0.12652335696803443,-0.020349053390380428
20260928,rock,0.0,0.09813687532659485,0.0
20260928,rock,0.25,0.09865208943092953,0.0005152141043346797
20260928,rock,0.5,0.09959984072380249,0.0014629653972076384
20260928,rock,0.75,0.10098012920521371,0.002843253878618862
20260928,rock,1.0,0.10279295487516325,0.0046560795485684064
20260929,electronic,0.0,0.1542257661718512,0.0
20260929,electronic,0.25,0.15531630705496247,0.0010905408831112795
20260929,electronic,0.5,0.15658742274961124,0.0023616565777600518
20260929,electronic,0.75,0.15803911325579756,0.0038133470839463723
20260929,electronic,1.0,0.15967137857352146,0.005445612401670269
20260929,pop,0.0,0.1372921860830974,0.0
20260929,pop,0.25,0.13901758705449463,0.0017254009713972285
20260929,pop,0.5,0.1408665277820564,0.0035743416989590104
20260929,pop,0.75,0.14283900826578277,0.005546822182685374
20260929,pop,1.0,0.14493502850567366,0.0076428424225762626
20260929,ambient,0.0,0.1597590428019695,0.0
20260929,ambient,0.25,0.14505369872675425,-0.01470534407521526
20260929,ambient,0.5,0.13481012655381475,-0.024948916248154762
20260929,ambient,0.75,0.1290283262831511,-0.030730716518818396
20260929,ambient,1.0,0.1277082979147632,-0.0320507448872063
20260929,rock,0.0,0.10590706412647863,0.0
20260929,rock,0.25,0.10679361214452932,0.0008865480180506868
20260929,rock,0.5,0.1079728262325331,0.0020657621060544695
20260929,rock,0.75,0.10944470639048998,0.003537642264011348
20260929,rock,1.0,0.11120925261839999,0.005302188491921364
20260930,electronic,0.0,0.1031599485275939,0.0
20260930,electronic,0.25,0.1030252215232523,-0.00013472700434159768
20260930,electronic,0.5,0.1033478715417684,0.0001879230141745014
20260930,electronic,0.75,0.10412789858314225,0.0009679500555483528
20260930,electronic,1.0,0.10536530264737384,0.0022053541197799426
20260930,pop,0.0,0.13020565786729907,0.0
20260930,pop,0.25,0.13043080070038632,0.00022514283308724958
20260930,pop,0.5,0.1307109896882787,0.0005053318209796431
20260930,pop,0.75,0.1310462248309762,0.0008405669636771251
20260930,pop,1.0,0.1314365061284789,0.0012308482611798344
20260930,ambient,0.0,0.156175911927038,0.0
20260930,ambient,0.25,0.13793419725530354,-0.018241714671734466
20260930,ambient,0.5,0.12533814645601313,-0.030837765471024875
20260930,ambient,0.75,0.11838775952916675,-0.037788152397871255
20260930,ambient,1.0,0.1170830364747644,-0.03909287545227361
20260930,rock,0.0,0.08217294249122284,0.0
20260930,rock,0.25,0.08282817353411812,0.0006552310428952768
20260930,rock,0.5,0.08360050896514624,0.0014275664739234056
20260930,rock,0.75,0.08448994878430725,0.0023170062930844143
20260930,rock,1.0,0.08549649299160111,0.003323550500378275
