seed,label,selected_lambda,best_lambda,paired_se,threshold,fallback_reason
20260926,electronic,0.0,0.0,0.0,0.15841877034379803,
20260926,pop,0.0,0.0,0.0,0.13007059478644278,
20260926,ambient,0.25,1.0,0.010731701651460722,0.15385950357516692,
20260926,rock,0.0,0.0,0.0,0.11336078568998667,
20260927,electronic,0.0,0.0,0.0,0.14025209429769797,
20260927,pop,0.0,0.0,0.0,0.16065007114173452,
20260927,ambient,0.25,0.75,0.011030813213691952,0.13957696129959146,
20260927,rock,0.0,0.25,0.001304360670844117,0.09570655341864082,
20260928,electronic,0.0,0.0,0.0,0.15731804531973786,
20260928,pop,0.0,0.0,0.0,0.13077292692066675,
20260928,ambient,0.25,0.75,0.01028750124521265,0.13656800147336626,
20260928,rock,0.0,0.0,0.0,0.09813687532659485,
20260929,electronic,0.0,0.0,0.0,0.1542257661718512,
20260929,pop,0.0,0.0,0.0,0.1372921860830974,
20260929,ambient,0.5,1.0,0.01461876384810792,0.14232706176287113,
20260929,rock,0.0,0.0,0.0,0.10590706412647863,
20260930,electronic,0.0,0.25,0.0009640807972221688,0.10398930232047447,
20260930,pop,0.0,0.0,0.0,0.13020565786729907,
20260930,ambient,0.5,1.0,0.017580149275202538,0.13466318574996694,
20260930,rock,0.0,0.0,0.0,0.08217294249122284,
