seed,method,macro_brier,delta_brier_vs_raw,delta_brier_vs_full_sigmoid,macro_log_loss,delta_log_loss_vs_raw
20260926,identity,0.14866093335419858,0.0,0.0075478293167273725,0.45798973949775984,0.0
20260926,sigmoid,0.1411131040374712,-0.0075478293167273725,0.0,0.43783895107650456,-0.020150788421255283
20260926,temperature,0.14887198084241232,0.0002110474882137392,0.007758876804941112,0.459899671680002,0.0019099321822421689
20260926,conservative_sigmoid,0.14559062465232964,-0.0030703087018689457,0.004477520614858427,0.4492378627826022,-0.008751876715157647
20260927,identity,0.13603958285482382,0.0,-0.0031339057270125814,0.4232811451200054,0.0
20260927,sigmoid,0.1391734885818364,0.0031339057270125814,0.0,0.4289732705741055,0.005692125454100083
20260927,temperature,0.13652372987653208,0.0004841470217082644,-0.002649758705304317,0.4236123616138379,0.00033121649383249796
20260927,conservative_sigmoid,0.13492904790064417,-0.0011105349541796483,-0.00424444068119223,0.4202072212400765,-0.0030739238799289414
20260928,identity,0.14898801836987605,0.0,0.006473199542989416,0.463175450081571,0.0
20260928,sigmoid,0.14251481882688663,-0.006473199542989416,0.0,0.4489982867375776,-0.014177163343993437
20260928,temperature,0.15044382098016168,0.0014558026102856336,0.00792900215327505,0.47046577131936734,0.007290321237796327
20260928,conservative_sigmoid,0.14533510959491103,-0.003652908774965019,0.002820290768024397,0.45238841771789234,-0.010787032363678672
20260929,identity,0.1472736237811621,0.0,0.008055630013322018,0.4537364626300825,0.0
20260929,sigmoid,0.13921799376784008,-0.008055630013322018,0.0,0.4364896591744389,-0.01724680345564361
20260929,temperature,0.14743763019445358,0.0001640064132914787,0.008219636426613497,0.4543265612819783,0.0005900986518957985
20260929,conservative_sigmoid,0.1403563251073662,-0.006917298673795896,0.0011383313395261219,0.4374999496134445,-0.016236513016637977
20260930,identity,0.15344240825030694,0.0,0.007692003244005541,0.4697810329155207,0.0
20260930,sigmoid,0.1457504050063014,-0.007692003244005541,0.0,0.45967282855143426,-0.010108204364086437
20260930,temperature,0.1551815985626598,0.0017391903123528674,0.009431193556358408,0.48169322839079515,0.011912195475274445
20260930,conservative_sigmoid,0.14551132826505667,-0.007931079985250278,-0.000239076741244737,0.45035114042511304,-0.019429892490407663
