seed,method,tracks,artists,track_weighted_delta,artist_equal_delta,artists_with_positive_contribution,positive_contribution_sum,negative_contribution_sum,top_positive_artists_count,top_positive_artists_share_of_positive_contributions,leave_one_artist_out_min,leave_one_artist_out_max,leave_one_artist_out_below_zero,leave_one_artist_out_count
20260926,sigmoid,241,94,-0.007547829316727368,-0.005490477369597548,38,0.006798380282374498,-0.014346209599101864,5,0.40194328402642937,-0.008407236848085987,-0.0066104578866320795,94,94
20260926,temperature,241,94,0.00021104748821372635,0.00019184020282204646,46,0.0009938615817931692,-0.0007828140935794428,5,0.3639839905753078,0.0001051330150448836,0.0003150976908824223,0,94
20260927,sigmoid,243,94,0.0031339057270125814,0.003765900160279017,48,0.012955212448403556,-0.009821306721390973,5,0.3904735880842275,0.0015905688448259248,0.004780248803897191,0,94
20260927,temperature,243,94,0.00048414702170826093,0.0007421863886336645,56,0.0022062762790301055,-0.0017221292573218448,5,0.3757993031809132,0.00024385284821595824,0.0007474696661549938,0,94
20260928,sigmoid,237,94,-0.006473199542989392,-0.006003942623397802,40,0.01247721850039562,-0.018950418043385014,5,0.5089083898897243,-0.008326896801102924,-0.0049431212575969975,94,94
20260928,temperature,237,94,0.001455802610285644,0.001589656965115947,38,0.0034656349107192682,-0.002009832300433624,5,0.5292955086524541,0.0009592991779557231,0.0016385681369132249,0,94
20260929,sigmoid,231,94,-0.008055630013322037,-0.009944235063355178,29,0.011946390065168795,-0.020002020078490834,5,0.47890342198514396,-0.009617087952015928,-0.006991304032932304,94,94
20260929,temperature,231,94,0.0001640064132914294,0.00018803050884597612,40,0.0008453439213131253,-0.000681337508021696,5,0.32699643611171925,8.635869645773769e-05,0.00025760653299258297,0,94
20260930,sigmoid,246,94,-0.007692003244005542,-0.010843928021046525,26,0.013867293555093918,-0.02155929679909946,5,0.4514694085376285,-0.009576958343671964,-0.006079946164387582,94,94
20260930,temperature,246,94,0.001739190312352882,0.0005164263405748896,35,0.004713846890315453,-0.002974656577962571,5,0.5359018619358012,0.000998319584956736,0.0020156062876027702,0,94
