seed,role,label,method,delta_brier,adjustment_squared,alignment_term,negative_target_contribution,positive_target_contribution,macro_contribution
20260926,calibration,electronic,sigmoid,-0.0003518538886813729,9.564536543953797e-05,-0.00044749925412091243,0.0030466571028800603,-0.0033985109915614336,-8.796347217034323e-05
20260926,calibration,pop,sigmoid,-0.0009084041618146616,0.000830814706976655,-0.0017392188687913126,-0.00880359671361784,0.007895192551803178,-0.0002271010404536654
20260926,calibration,ambient,sigmoid,-0.016834656340812756,0.016060710440996027,-0.03289536678180877,-0.05165509795079701,0.03482044160998426,-0.004208664085203189
20260926,calibration,rock,sigmoid,-0.002419843174695912,0.0015837466145946783,-0.00400358978929059,-0.005966950329274295,0.003547107154578384,-0.000604960793673978
20260926,calibration,electronic,temperature,2.0955155069786203e-05,1.6479224023061201e-06,1.9307232667477962e-05,-6.247115931202628e-05,8.34263143818125e-05,5.238788767446551e-06
20260926,calibration,pop,temperature,-0.0007254369697025792,0.00018716413243771677,-0.000912601102140294,-0.003300616613380993,0.0025751796436784143,-0.0001813592424256448
20260926,calibration,ambient,temperature,8.12397003741133e-05,1.0303811163922957e-05,7.093588921019099e-05,-6.631851115990268e-05,0.000147558211534016,2.0309925093528326e-05
20260926,calibration,rock,temperature,-0.0003932246167444754,0.00044885038127111916,-0.0008420749980155956,0.0028904739156240438,-0.0032836985323685185,-9.830615418611885e-05
20260926,evaluation,electronic,sigmoid,7.390508501375817e-06,8.928940933155503e-05,-8.189890083017872e-05,0.0030208846052267495,-0.0030134940967253736,1.8476271253439542e-06
20260926,evaluation,pop,sigmoid,0.003690812033743162,0.0007422065169682128,0.002948605516774952,-0.006416456378673825,0.010107268412416987,0.0009227030084357905
20260926,evaluation,ambient,sigmoid,-0.036359200043994754,0.01702098558121121,-0.05338018562520596,-0.06484563186711106,0.028486431823116314,-0.009089800010998688
20260926,evaluation,rock,sigmoid,0.002469680234840746,0.001462034920985242,0.0010076453138555045,-0.0027800060610772147,0.00524968629591796,0.0006174200587101865
20260926,evaluation,electronic,temperature,6.785174113476619e-05,1.601118098424142e-06,6.625062303634323e-05,-9.546780982086264e-05,0.00016331955095562882,1.6962935283691547e-05
20260926,evaluation,pop,temperature,0.0010093679053617345,0.00017592266477328475,0.0008334452405884488,-0.0023817169792516636,0.0033910848846133977,0.00025234197634043363
20260926,evaluation,ambient,temperature,0.00027346154766833464,1.0714504534856608e-05,0.00026274704313347777,0.000229756894344291,4.370465332404365e-05,6.836538691708366e-05
20260926,evaluation,rock,temperature,-0.0005064912413099298,0.00043610094677754913,-0.000942592188087482,0.002642589196319286,-0.0031490804376292166,-0.00012662281032748245
20260927,calibration,electronic,sigmoid,0.00011297720463955893,0.000993029100195765,-0.0008800518955562028,-0.008955356596042725,0.00906833380068228,2.8244301159889733e-05
20260927,calibration,pop,sigmoid,-0.0017192396054435666,0.002416590639808231,-0.004135830245251796,0.014980714859324125,-0.016699954464767693,-0.00042980990136089165
20260927,calibration,ambient,sigmoid,-0.020170387149440087,0.021277834882015022,-0.041448222031455116,-0.055645112891539984,0.03547472574209988,-0.005042596787360022
20260927,calibration,rock,sigmoid,-0.004581360571285415,0.004434118891339095,-0.00901547946262451,-0.01802857967455267,0.013447219103267252,-0.0011453401428213538
20260927,calibration,electronic,temperature,0.00014877437113753047,0.0003204970802000467,-0.0001717227090625155,-0.00020824753303373559,0.000357021904171266,3.719359278438262e-05
20260927,calibration,pop,temperature,-0.0006194970578962445,0.0014673570979318732,-0.002086854155828117,0.008599524410406725,-0.00921902146830297,-0.00015487426447406114
20260927,calibration,ambient,temperature,-0.00019961463051101582,0.00018575062632632798,-0.00038536525683734244,-0.0011106537447940937,0.0009110391142830779,-4.9903657627753956e-05
20260927,calibration,rock,temperature,-0.00131115538195173,0.000880767586541622,-0.002191922968493352,-0.00409585848965747,0.00278470310770574,-0.0003277888454879325
20260927,evaluation,electronic,sigmoid,0.00034483984125204523,0.0011149009636001559,-0.0007700611223481092,-0.010560566143519296,0.010905405984771339,8.620996031301131e-05
20260927,evaluation,pop,sigmoid,0.004199793142029736,0.0027531721950414647,0.0014466209469882676,0.019473841239325926,-0.015274048097296192,0.001049948285507434
20260927,evaluation,ambient,sigmoid,-0.0002712793937623779,0.023329706497482255,-0.02360098589124463,-0.04929335964806059,0.04902208025429821,-6.781984844059447e-05
20260927,evaluation,rock,sigmoid,0.008262269318530926,0.003628208957206851,0.004634060361324074,-0.01018541642164106,0.01844768574017198,0.0020655673296327316
20260927,evaluation,electronic,temperature,0.0007803005341496348,0.00030890143812574325,0.00047139909602389316,-0.0005125615692818691,0.0012928621034315037,0.0001950751335374087
20260927,evaluation,pop,temperature,0.0012075297455648231,0.0014737047397649558,-0.00026617499420013307,0.01079881928607091,-0.009591289540506084,0.0003018824363912058
20260927,evaluation,ambient,temperature,-0.0004889408558563634,0.00019463662310374965,-0.0006835774789601123,-0.0013832973164620561,0.0008943564606056927,-0.00012223521396409085
20260927,evaluation,rock,temperature,0.0004376986629749492,0.000778648672576741,-0.0003409500096017956,-0.0035051154407121734,0.003942814103687123,0.0001094246657437373
20260928,calibration,electronic,sigmoid,-0.00024250883802665139,0.0006375799130844734,-0.0008800887511111235,-0.0003515774469310811,0.0001090686089044295,-6.0627209506662846e-05
20260928,calibration,pop,sigmoid,-0.0015963391744592873,0.0014521738121164374,-0.0030485129865757267,-0.011879748143579527,0.010283408969120238,-0.0003990847936148218
20260928,calibration,ambient,sigmoid,-0.02588794613385105,0.028030193419106373,-0.05391813955295743,-0.06532605932938619,0.03943811319553515,-0.0064719865334627626
20260928,calibration,rock,sigmoid,-0.0013668184227041854,0.002214975545925408,-0.0035817939686295886,-0.012217517503609499,0.010850699080905314,-0.00034170460567604634
20260928,calibration,electronic,temperature,-0.00023912334121304596,0.0006206407686345225,-0.0008597641098475676,0.0005829114728861138,-0.0008220348140991596,-5.978083530326149e-05
20260928,calibration,pop,temperature,-0.0015436585669557717,0.0008636186064599635,-0.002407277173415735,-0.006753704961080155,0.0052100463941243845,-0.0003859146417389429
20260928,calibration,ambient,temperature,-0.00024060280681430614,0.0001376229512789343,-0.00037822575809324296,0.00014871165974622813,-0.0003893144665605344,-6.0150701703576536e-05
20260928,calibration,rock,temperature,0.00015368354041163997,0.0008989942903731389,-0.0007453107499614969,-0.0026657474032550526,0.0028194309436666925,3.842088510290999e-05
20260928,evaluation,electronic,sigmoid,0.002265380140089962,0.0005748659014996635,0.0016905142385902963,0.002286547391722956,-2.1167251632993833e-05,0.0005663450350224905
20260928,evaluation,pop,sigmoid,0.005378046849457668,0.001365982918800807,0.004012063930656861,-0.009630829603418378,0.015008876452876043,0.001344511712364417
20260928,evaluation,ambient,sigmoid,-0.03225856493397964,0.034917300620613476,-0.06717586555459312,-0.0820899625256433,0.04983139759166366,-0.00806464123349491
20260928,evaluation,rock,sigmoid,-0.0012776602275255465,0.001872606160386934,-0.0031502663879124813,-0.00998090434688461,0.008703244119359061,-0.0003194150568813866
20260928,evaluation,electronic,temperature,0.0022888335340951068,0.0005870319190953607,0.0017018016149997458,0.003222952196481251,-0.0009341186623861432,0.0005722083835237767
20260928,evaluation,pop,temperature,0.004552215785527461,0.0008832567273793516,0.0036689590581481064,-0.005771570650675706,0.01032378643620317,0.0011380539463818652
20260928,evaluation,ambient,temperature,-0.0009551269427961033,0.00013585330497457678,-0.0010909802477706803,-0.0005660475956530519,-0.00038907934714305163,-0.00023878173569902582
20260928,evaluation,rock,temperature,-6.271193568388713e-05,0.0007945319362123609,-0.0008572438718962494,-0.003632012963952366,0.0035693010282684774,-1.5677983920971783e-05
20260929,calibration,electronic,sigmoid,-0.00023593760146866632,0.0003805797643470034,-0.0006165173658156683,-0.0054155036154216445,0.005179566013952977,-5.898440036716658e-05
20260929,calibration,pop,sigmoid,0.00011275806097167685,4.762803839380563e-05,6.51300225778681e-05,-0.0007796612417730866,0.0008924193027447634,2.8189515242919213e-05
20260929,calibration,ambient,sigmoid,-0.03334713512926204,0.03563613280187082,-0.06898326793113287,-0.07876273184941074,0.045415596720148714,-0.00833678378231551
20260929,calibration,rock,sigmoid,-0.0015098560494938018,0.001621445650711962,-0.0031313017002057675,0.008950272445167709,-0.01046012849466151,-0.00037746401237345045
20260929,calibration,electronic,temperature,-0.00021493919967191673,0.00022339867577772802,-0.00043833787544964357,-0.0011759709630979264,0.0009610317634260095,-5.373479991797918e-05
20260929,calibration,pop,temperature,5.273736898252497e-05,1.4100744060612523e-05,3.863662492190971e-05,0.000814231644009864,-0.000761494275027339,1.3184342245631242e-05
20260929,calibration,ambient,temperature,-5.5720059301323504e-05,1.3261867189553807e-05,-6.898192649087821e-05,-0.000114634250956747,5.891419165542357e-05,-1.3930014825330876e-05
20260929,calibration,rock,temperature,-0.0003741668102618054,3.111353867146938e-05,-0.00040528034893327577,0.0007519572747587306,-0.0011261240850205358,-9.354170256545135e-05
20260929,evaluation,electronic,sigmoid,0.0011566562081265722,0.0004068950520493841,0.0007497611560771892,-0.0048502766607770535,0.006006932868903626,0.00028916405203164306
20260929,evaluation,pop,sigmoid,-0.0016630381623394669,6.336993287618637e-05,-0.0017264080952156518,-0.0019709622281085795,0.00030792406576911254,-0.0004157595405848667
20260929,evaluation,ambient,sigmoid,-0.03704846954926724,0.03657983968220016,-0.07362830923146742,-0.08444922158434218,0.04740075203507493,-0.00926211738731681
20260929,evaluation,rock,sigmoid,0.005332331450191981,0.002120612866006325,0.00321171858418566,0.013537007065919803,-0.008204675615727821,0.0013330828625479952
20260929,evaluation,electronic,temperature,0.00016519148293348395,0.00024395514492409976,-7.876366199061183e-05,-0.001826692354266273,0.001991883837199757,4.1297870733370986e-05
20260929,evaluation,pop,temperature,-0.0005519163019393531,1.4134358583189741e-05,-0.0005660506605225443,0.0004595441742059821,-0.0010114604761453352,-0.00013797907548483828
20260929,evaluation,ambient,temperature,0.00041887358746017377,1.2468902069242462e-05,0.0004064046853909321,0.00019137371780170322,0.0002274998696584705,0.00010471839686504344
20260929,evaluation,rock,temperature,0.000623876884711413,3.44448582707302e-05,0.0005894320264406837,0.0009215787652730825,-0.00029770188056166947,0.00015596922117785324
20260930,calibration,electronic,sigmoid,-0.002399839921203101,0.0034914332593184473,-0.005891273180521546,-0.006099995882444521,0.0037001559612414186,-0.0005999599803007753
20260930,calibration,pop,sigmoid,-0.0006857494950091995,0.00022761192050687405,-0.0009133614155160715,-0.003835753943884396,0.0031500044488751966,-0.00017143737375229987
20260930,calibration,ambient,sigmoid,-0.04118858357959439,0.04520857938808608,-0.08639716296768045,-0.08794987212457583,0.04676128854498145,-0.010297145894898597
20260930,calibration,rock,sigmoid,-0.00040531218876398416,0.0005062541061430035,-0.000911566294906986,-0.00022566046557221138,-0.00017965172319177303,-0.00010132804719099604
20260930,calibration,electronic,temperature,-0.002195945076614078,0.003475153966108744,-0.0056710990427228216,-0.004721643092341405,0.0025256980157273273,-0.0005489862691535195
20260930,calibration,pop,temperature,-0.0007070883232562279,0.00020536100959506423,-0.0009124493328512898,-0.0029064144224141782,0.0021993260991579507,-0.00017677208081405698
20260930,calibration,ambient,temperature,-0.0007771218310748405,0.00036085388233364675,-0.0011379757134084884,-0.0014750221157283528,0.0006979002846535122,-0.00019428045776871013
20260930,calibration,rock,temperature,-0.00043630121727081586,0.0004330911653227598,-0.0008693923825935759,-0.0022335112037957404,0.0017972099865249248,-0.00010907530431770397
20260930,evaluation,electronic,sigmoid,0.003170154476701793,0.003252081518719383,-8.192704201759191e-05,-0.00429767751451852,0.0074678319912203145,0.0007925386191754483
20260930,evaluation,pop,sigmoid,0.00013655996000323066,0.00022955047040752304,-9.299051040429087e-05,-0.003921683395699379,0.00405824335570261,3.4139990000807664e-05
20260930,evaluation,ambient,sigmoid,-0.03459475702330008,0.05770776571740399,-0.09230252274070407,-0.10589343042441884,0.07129867340111877,-0.00864868925582502
20260930,evaluation,rock,sigmoid,0.0005200296105728926,0.0004713474942806537,4.868211629223824e-05,-0.0014374403119505165,0.001957469922523409,0.00013000740264322314
20260930,evaluation,electronic,temperature,0.003383472663955956,0.0031947026139541516,0.0001887700500017997,-0.002115949596486633,0.005499422260442587,0.000845868165988989
20260930,evaluation,pop,temperature,0.0006175408596625802,0.00019731581669972715,0.0004202250429628519,-0.0026066511442583633,0.0032241920039209433,0.00015438521491564506
20260930,evaluation,ambient,temperature,0.0024461133158782257,0.0003280518060757782,0.002118061509802445,0.0016516977680209079,0.0007944155478573175,0.0006115283289695564
20260930,evaluation,rock,temperature,0.000509634409914767,0.00048236852250025704,2.7265887414507852e-05,-0.002751803287856643,0.0032614376977714095,0.00012740860247869174
