seed,method,label,slope,intercept,temperature,success,status,message,iterations,calibration_log_loss,initial_log_loss,bound_hit
20260926,sigmoid,electronic,1.021903266447745,0.05738434638602742,,True,0,CONVERGENCE: NORM OF PROJECTED GRADIENT <= PGTOL,5,0.47715813894795206,0.477396960683091,False
20260926,sigmoid,pop,0.9633795706467004,-0.21437310646113641,,True,0,CONVERGENCE: NORM OF PROJECTED GRADIENT <= PGTOL,8,0.4202042585382579,0.4223613613158282,False
20260926,sigmoid,ambient,0.9092274705910546,-0.7449202185092254,,True,0,CONVERGENCE: NORM OF PROJECTED GRADIENT <= PGTOL,7,0.42992350150986175,0.46980796341986464,False
20260926,sigmoid,rock,0.7779712997208037,-0.30501863942543556,,True,0,CONVERGENCE: NORM OF PROJECTED GRADIENT <= PGTOL,7,0.3632671834285534,0.369161771292861,False
20260926,temperature,electronic,1.0076174985097701,0.0,0.9924400891002427,True,0,CONVERGENCE: NORM OF PROJECTED GRADIENT <= PGTOL,4,0.4773897958867362,0.477396960683091,False
20260926,temperature,pop,1.0802377466329287,0.0,0.9257221413683908,True,0,CONVERGENCE: NORM OF PROJECTED GRADIENT <= PGTOL,5,0.4215123435769392,0.4223613613158282,False
20260926,temperature,ambient,1.0198674372412435,0.0,0.9805195886094911,True,0,CONVERGENCE: NORM OF PROJECTED GRADIENT <= PGTOL,4,0.4697629095726303,0.46980796341986464,False
20260926,temperature,rock,0.8788902655751082,0.0,1.1377984706038846,True,0,CONVERGENCE: NORM OF PROJECTED GRADIENT <= PGTOL,5,0.3663503325513785,0.369161771292861,False
20260927,sigmoid,electronic,1.0878447919150553,-0.16827626556964667,,True,0,CONVERGENCE: NORM OF PROJECTED GRADIENT <= PGTOL,7,0.4281476662265474,0.43153452354581645,False
20260927,sigmoid,pop,0.9204434938341493,0.22307248317329,,True,0,CONVERGENCE: NORM OF PROJECTED GRADIENT <= PGTOL,9,0.4945322214687956,0.5026591980917938,False
20260927,sigmoid,ambient,0.8047238311063284,-0.9323509958363326,,True,0,CONVERGENCE: RELATIVE REDUCTION OF F <= FACTR*EPSMCH,6,0.3883776121581658,0.4395699898757159,False
20260927,sigmoid,rock,1.0043224476931227,-0.5386819813187683,,True,0,CONVERGENCE: NORM OF PROJECTED GRADIENT <= PGTOL,8,0.3064258057282674,0.3208775316179631,False
20260927,temperature,electronic,1.1128486131749684,0.0,0.8985948206800473,True,0,CONVERGENCE: NORM OF PROJECTED GRADIENT <= PGTOL,5,0.43004001803762526,0.43153452354581645,False
20260927,temperature,pop,0.8116415116159886,0.0,1.2320710383688818,True,0,CONVERGENCE: NORM OF PROJECTED GRADIENT <= PGTOL,6,0.496198341970678,0.5026591980917938,False
20260927,temperature,ambient,1.0872179109683597,0.0,0.9197788133469244,True,0,CONVERGENCE: NORM OF PROJECTED GRADIENT <= PGTOL,5,0.43871917335414284,0.4395699898757159,False
20260927,temperature,rock,1.1951626455350997,0.0,0.8367062037420679,True,0,CONVERGENCE: NORM OF PROJECTED GRADIENT <= PGTOL,6,0.3160064592029531,0.3208775316179631,False
20260928,sigmoid,electronic,0.8617243209037587,-0.01589360742249844,,True,0,CONVERGENCE: NORM OF PROJECTED GRADIENT <= PGTOL,7,0.48438163078802876,0.48728788482170476,False
20260928,sigmoid,pop,1.0757975193310532,-0.1827251123403079,,True,0,CONVERGENCE: NORM OF PROJECTED GRADIENT <= PGTOL,8,0.41536566462414204,0.42016301434008096,False
20260928,sigmoid,ambient,0.7401292542605565,-1.0365530529597757,,True,0,CONVERGENCE: NORM OF PROJECTED GRADIENT <= PGTOL,8,0.38272920850255404,0.4510694181379296,False
20260928,sigmoid,rock,1.1132272446507063,-0.304697029124543,,True,0,CONVERGENCE: NORM OF PROJECTED GRADIENT <= PGTOL,8,0.30704807558483227,0.3156305825911878,False
20260928,temperature,electronic,0.8640252278236276,0.0,1.1573736134057984,True,0,CONVERGENCE: NORM OF PROJECTED GRADIENT <= PGTOL,5,0.4844007911979567,0.48728788482170476,False
20260928,temperature,pop,1.1816615123461371,0.0,0.8462660326598468,True,0,CONVERGENCE: NORM OF PROJECTED GRADIENT <= PGTOL,5,0.41637781509163035,0.42016301434008096,False
20260928,temperature,ambient,0.931084351395435,0.0,1.0740165469447314,True,0,CONVERGENCE: NORM OF PROJECTED GRADIENT <= PGTOL,5,0.45038995542197263,0.4510694181379296,False
20260928,temperature,rock,1.2112750607188563,0.0,0.8255763141086462,True,0,CONVERGENCE: NORM OF PROJECTED GRADIENT <= PGTOL,6,0.31050453758596275,0.3156305825911878,False
20260929,sigmoid,electronic,1.0756146984791661,-0.07460994235680019,,True,0,CONVERGENCE: NORM OF PROJECTED GRADIENT <= PGTOL,7,0.47029198424076013,0.4716441221466758,False
20260929,sigmoid,pop,0.950513258519472,-0.05595012936765547,,True,0,CONVERGENCE: NORM OF PROJECTED GRADIENT <= PGTOL,8,0.43620464262879344,0.4363685070978766,False
20260929,sigmoid,ambient,0.898265884211425,-1.1406870501078323,,True,0,CONVERGENCE: NORM OF PROJECTED GRADIENT <= PGTOL,7,0.39841184070462693,0.4898802695318917,False
20260929,sigmoid,rock,1.1404035072087186,0.42942570318575546,,True,0,CONVERGENCE: NORM OF PROJECTED GRADIENT <= PGTOL,8,0.3276225909190406,0.33169566212349394,False
20260929,temperature,electronic,1.093818346336686,0.0,0.9142285858973809,True,0,CONVERGENCE: NORM OF PROJECTED GRADIENT <= PGTOL,5,0.4706875717793347,0.4716441221466758,False
20260929,temperature,pop,0.9787531874303468,0.0,1.0217080392100029,True,0,CONVERGENCE: NORM OF PROJECTED GRADIENT <= PGTOL,4,0.4363008746816457,0.4363685070978766,False
20260929,temperature,ambient,1.0217424179409387,0.0,0.9787202551649417,True,0,CONVERGENCE: NORM OF PROJECTED GRADIENT <= PGTOL,4,0.4898255232990942,0.4898802695318917,False
20260929,temperature,rock,0.965912974023226,0.0,1.0352899556103845,True,0,CONVERGENCE: NORM OF PROJECTED GRADIENT <= PGTOL,4,0.33149604373182995,0.33169566212349394,False
20260930,sigmoid,electronic,1.4188645409642633,-0.04111234098059919,,True,0,CONVERGENCE: NORM OF PROJECTED GRADIENT <= PGTOL,8,0.3214035240574928,0.33857891523135025,False
20260930,sigmoid,pop,1.069214103346163,-0.031125460563334553,,True,0,CONVERGENCE: NORM OF PROJECTED GRADIENT <= PGTOL,7,0.4201100181830038,0.4210914097341192,False
20260930,sigmoid,ambient,0.8399062405159531,-1.3390878864750915,,True,0,CONVERGENCE: RELATIVE REDUCTION OF F <= FACTR*EPSMCH,7,0.36534517490328083,0.48110117988849554,False
20260930,sigmoid,rock,1.1852912509233609,0.08721193829038695,,True,0,CONVERGENCE: NORM OF PROJECTED GRADIENT <= PGTOL,9,0.2757501085648228,0.2789056226561193,False
20260930,temperature,electronic,1.427348393985697,0.0,0.7005998004506955,True,0,CONVERGENCE: NORM OF PROJECTED GRADIENT <= PGTOL,6,0.32148124682298934,0.33857891523135025,False
20260930,temperature,pop,1.0843584192565037,0.0,0.9222043027854715,True,0,CONVERGENCE: NORM OF PROJECTED GRADIENT <= PGTOL,5,0.4201452112644665,0.4210914097341192,False
20260930,temperature,ambient,1.1181659530359787,0.0,0.8943216320304321,True,0,CONVERGENCE: NORM OF PROJECTED GRADIENT <= PGTOL,5,0.4796386539721502,0.48110117988849554,False
20260930,temperature,rock,1.1561362042842385,0.0,0.8649499914407558,True,0,CONVERGENCE: NORM OF PROJECTED GRADIENT <= PGTOL,6,0.2759742090762598,0.2789056226561193,False
