seed,role,label,target,tracks,artists,raw_mean,raw_q10,raw_q50,raw_q90
20260926,calibration,electronic,0,146,68,0.24460888426052116,0.041578656840709174,0.1691011350714669,0.595404453165671
20260926,calibration,electronic,1,86,40,0.5641279852887436,0.21543834035721438,0.5678037506130165,0.846311609491357
20260926,calibration,pop,0,188,78,0.18267192032820495,0.04843717842311457,0.14831138256881668,0.3644989218661573
20260926,calibration,pop,1,44,25,0.3460451908137773,0.08220655359201674,0.3064833125965883,0.673854910068474
20260926,calibration,ambient,0,175,82,0.27944675418136944,0.028580579404393472,0.21300617170636593,0.6677968425836187
20260926,calibration,ambient,1,57,23,0.5826173076260243,0.24693106481830704,0.6238892845584695,0.8854308945356365
20260926,calibration,rock,0,191,82,0.13100062870126325,0.019427805765813388,0.062219004284841624,0.3623265019269157
20260926,calibration,rock,1,41,22,0.4149954680297842,0.06783665015654725,0.3396603147058116,0.8369926386344484
20260926,evaluation,electronic,0,149,66,0.23542521411582534,0.035304567560553654,0.15721922609562256,0.5719982246831979
20260926,evaluation,electronic,1,92,40,0.5589059971722581,0.17575784138095646,0.623727470120607,0.9018531291090547
20260926,evaluation,pop,0,183,74,0.15266188177940657,0.03779176895057117,0.10682791486168147,0.3171825670960193
20260926,evaluation,pop,1,58,24,0.33512075450179357,0.08277987317928771,0.3013122286228328,0.6548341752265268
20260926,evaluation,ambient,0,190,77,0.33572382649227966,0.043154218537804816,0.2944757606806053,0.7522727818934317
20260926,evaluation,ambient,1,51,27,0.6023780796785269,0.20233159081796556,0.6535057278304368,0.8619225227252514
20260926,evaluation,rock,0,195,76,0.09955020376770767,0.016323051169166557,0.05415404693267097,0.21365288573209337
20260926,evaluation,rock,1,46,23,0.4516591110808957,0.09008699396873662,0.38755679265012843,0.8699358914083262
20260927,calibration,electronic,0,158,69,0.24428489314477886,0.04481314543025696,0.13988688178918535,0.6022235050864844
20260927,calibration,electronic,1,86,36,0.6287514468318083,0.30129392437192104,0.6417462855926703,0.922373152574117
20260927,calibration,pop,0,179,78,0.17209276543527324,0.04470502885684264,0.13294783923578335,0.3177584781731625
20260927,calibration,pop,1,65,26,0.3493705241015553,0.07958742551631368,0.3126084372666141,0.6802534691438745
20260927,calibration,ambient,0,201,85,0.24762639930951036,0.03082446358782889,0.1828907543727314,0.5866347941952551
20260927,calibration,ambient,1,43,23,0.49812550911796105,0.20142679025560767,0.5156175129254066,0.7974370715207896
20260927,calibration,rock,0,204,78,0.15850027108978856,0.031884444769399174,0.10161003627678389,0.34365894963396776
20260927,calibration,rock,1,40,20,0.5302224451405598,0.09372846273955453,0.5769117244180022,0.9302206283366509
20260927,evaluation,electronic,0,151,72,0.2787051994811335,0.04555419259662872,0.2160711307152586,0.5950291729591902
20260927,evaluation,electronic,1,92,36,0.5984417234744254,0.25629715599370256,0.619076925710316,0.889121697866589
20260927,evaluation,pop,0,194,84,0.19457813522728853,0.05535880384306984,0.16763983253982062,0.3811580118673611
20260927,evaluation,pop,1,49,19,0.28714097156578305,0.1115235281764935,0.264498258341405,0.43599070947150764
20260927,evaluation,ambient,0,183,77,0.24822436661803673,0.039627421807575676,0.17617604721287938,0.5539304376590073
20260927,evaluation,ambient,1,60,25,0.5490073497027294,0.22270546046677606,0.5718761539047892,0.8249302043582237
20260927,evaluation,rock,0,197,78,0.10933822955585902,0.02250994212821727,0.07688946364923846,0.21754545897504138
20260927,evaluation,rock,1,46,22,0.48926137075439696,0.13875510915023792,0.43673619169130473,0.9020307991980101
20260928,calibration,electronic,0,145,68,0.24480945549642427,0.03303040925115384,0.15289679658980163,0.6144202121154417
20260928,calibration,electronic,1,93,38,0.6097995863160032,0.22321882553596373,0.6904870588168214,0.9131081579622858
20260928,calibration,pop,0,192,83,0.1962585122998467,0.05458211796879016,0.16286931677257427,0.37169307675596436
20260928,calibration,pop,1,46,21,0.3674807301378416,0.12643825674151804,0.3604681350875465,0.6378578517023425
20260928,calibration,ambient,0,195,81,0.25149425773134326,0.030087795184961724,0.1587124934225407,0.6602010580056539
20260928,calibration,ambient,1,43,22,0.5558782856580284,0.2196546019056092,0.6074338571254796,0.855285881505095
20260928,calibration,rock,0,194,81,0.15500511897777772,0.02155187662772576,0.0832311669979881,0.41667521293804877
20260928,calibration,rock,1,44,20,0.5354205215606016,0.18128585288119886,0.5094720186881696,0.8680057491136695
20260928,evaluation,electronic,0,158,70,0.22508293462111745,0.03590335565371282,0.16668555538034424,0.5251967131174278
20260928,evaluation,electronic,1,79,35,0.565309447126833,0.1686594422863388,0.5863423727921944,0.8545555066828835
20260928,evaluation,pop,0,176,72,0.1760783965613944,0.044235967596942434,0.14566255933183836,0.35015625552612173
20260928,evaluation,pop,1,61,25,0.29308284658829015,0.11159670266609435,0.23405996510838198,0.5495018799161269
20260928,evaluation,ambient,0,185,78,0.3113440871033043,0.0317977058375964,0.22565307720000205,0.7206537985157658
20260928,evaluation,ambient,1,52,28,0.5665726929326671,0.23339898130095868,0.5848138923937047,0.8487170212655538
20260928,evaluation,rock,0,199,76,0.12381561336804592,0.014384216264514449,0.06872279839737541,0.3440178884824341
20260928,evaluation,rock,1,38,24,0.43412752669623206,0.06862306712825636,0.414382336897624,0.8821822815441736
20260929,calibration,electronic,0,159,68,0.25938989037494165,0.0497976346896212,0.18959138305008777,0.5815575995307246
20260929,calibration,electronic,1,89,41,0.5809515142728311,0.2230269749798708,0.6052736788446922,0.8661629598216821
20260929,calibration,pop,0,196,75,0.17352019350099748,0.04139811931606432,0.13163145954224592,0.36763060269779
20260929,calibration,pop,1,52,24,0.34700047760436536,0.10095132399472745,0.3486352259723846,0.6036683079058689
20260929,calibration,ambient,0,197,82,0.307484102393826,0.05992897216667553,0.23287855766147414,0.6676041771406324
20260929,calibration,ambient,1,51,23,0.6161999588221299,0.33141343782919863,0.6273587990213233,0.89588637922969
20260929,calibration,rock,0,204,81,0.10860317725315606,0.020348734013662766,0.06200003452750803,0.24986185231640973
20260929,calibration,rock,1,44,21,0.3668375729607764,0.09852116880707665,0.2749756571354739,0.7817946148748212
20260929,evaluation,electronic,0,153,71,0.2132002434177873,0.04508298368801765,0.14380899949538106,0.4764638576697663
20260929,evaluation,electronic,1,78,36,0.5357275645952847,0.18906128650801027,0.5503867011560832,0.852144309624337
20260929,evaluation,pop,0,179,81,0.1995720496495591,0.04277537228382904,0.12030254742532184,0.45963662339272415
20260929,evaluation,pop,1,52,24,0.30040352245232327,0.0840999877520233,0.24774575565351104,0.6117863000809202
20260929,evaluation,ambient,0,182,80,0.3108877110838563,0.03646254902931246,0.24751715753622094,0.6804604584393826
20260929,evaluation,ambient,1,49,23,0.539922715549035,0.1735483700190317,0.5997414685451666,0.8246907880288702
20260929,evaluation,rock,0,197,78,0.13921685024248784,0.024516089723804643,0.08460436064442677,0.32139042523468314
20260929,evaluation,rock,1,34,21,0.5376530202100945,0.16995356061499642,0.5538513425798146,0.8644052313565085
20260930,calibration,electronic,0,157,67,0.19359924815312543,0.03907200940985063,0.1197520604915964,0.4535801304552602
20260930,calibration,electronic,1,74,38,0.6636578630721928,0.2401771775189583,0.7464596878973254,0.9234667771771728
20260930,calibration,pop,0,180,77,0.18309268879058826,0.0511218886796408,0.14256179956489656,0.39222219147877285
20260930,calibration,pop,1,51,25,0.41437267142222367,0.10190083588679086,0.4177652660345025,0.7174702315218583
20260930,calibration,ambient,0,194,82,0.30249892267278417,0.07231265430701765,0.2605629378054789,0.621540126587452
20260930,calibration,ambient,1,37,21,0.5639248045528387,0.23870402427718412,0.5849395721040134,0.8374983340170511
20260930,calibration,rock,0,188,75,0.11472073805268583,0.01430249567156065,0.05158489200431736,0.32148454330538623
20260930,calibration,rock,1,43,23,0.5402613260680635,0.14340992594734897,0.5849884108190586,0.9107555449347116
20260930,evaluation,electronic,0,161,71,0.2639398794669031,0.050923683464733305,0.20144343394283853,0.5792383610794406
20260930,evaluation,electronic,1,85,35,0.5387991244627981,0.1841538082149923,0.5470263540866017,0.8408958217557921
20260930,evaluation,pop,0,197,78,0.20454652887266483,0.052660704283154045,0.14789857310275917,0.4475538435093366
20260930,evaluation,pop,1,49,23,0.32570104707471076,0.11133160998257448,0.2821064138939807,0.60293450545852
20260930,evaluation,ambient,0,188,81,0.35041555553681547,0.05408096745398006,0.2913594679984856,0.7113661736644901
20260930,evaluation,ambient,1,58,25,0.560672882181981,0.28414259752288706,0.5604446609621301,0.8181773535964955
20260930,evaluation,rock,0,207,80,0.1043111968051745,0.020026361516873894,0.05486521935472579,0.2296619258885047
20260930,evaluation,rock,1,39,23,0.40409677377405284,0.06203493047894253,0.33957707121062086,0.8864075615870695
