seed,role,label,method,bin,lower,upper,tracks,artists,positive_fraction,raw_mean,calibrated_mean
20260926,calibration,electronic,sigmoid,0,0.0,0.2,91,50,0.06593406593406594,0.09652086600439923,0.09750215624983297
20260926,calibration,electronic,sigmoid,1,0.2,0.4,47,28,0.3404255319148936,0.2954026903629291,0.30338380153782823
20260926,calibration,electronic,sigmoid,2,0.4,0.6,39,25,0.6153846153846154,0.5021169852644422,0.516309854070386
20260926,calibration,electronic,sigmoid,3,0.6,0.8,37,28,0.7297297297297297,0.7108935516668704,0.7262189867009026
20260926,calibration,electronic,sigmoid,4,0.8,1.0,18,16,0.7222222222222222,0.8708308192456997,0.8812265638710003
20260926,calibration,pop,sigmoid,0,0.0,0.2,131,60,0.0916030534351145,0.10191721691423467,0.0901370097107507
20260926,calibration,pop,sigmoid,1,0.2,0.4,76,44,0.25,0.29152609958544157,0.2558012893705652
20260926,calibration,pop,sigmoid,2,0.4,0.6,15,14,0.3333333333333333,0.47759083486317433,0.4259003304904706
20260926,calibration,pop,sigmoid,3,0.6,0.8,9,9,0.7777777777777778,0.6732431247345054,0.6183682810866945
20260926,calibration,pop,sigmoid,4,0.8,1.0,1,1,1.0,0.8381197876922767,0.7973342916870578
20260926,calibration,ambient,sigmoid,0,0.0,0.2,91,53,0.04395604395604396,0.08925016427215421,0.05411852787220301
20260926,calibration,ambient,sigmoid,1,0.2,0.4,51,34,0.21568627450980393,0.31006610515712757,0.18746964115609135
20260926,calibration,ambient,sigmoid,2,0.4,0.6,40,30,0.3,0.4940252593390106,0.3186084662077343
20260926,calibration,ambient,sigmoid,3,0.6,0.8,33,23,0.5454545454545454,0.7211137944218039,0.5325256794077254
20260926,calibration,ambient,sigmoid,4,0.8,1.0,17,10,0.7058823529411765,0.8599686244213848,0.7174456567745605
20260926,calibration,rock,sigmoid,0,0.0,0.2,168,72,0.09523809523809523,0.0669103124619247,0.08279708806338074
20260926,calibration,rock,sigmoid,1,0.2,0.4,33,25,0.21212121212121213,0.2915678716499616,0.26941216895555803
20260926,calibration,rock,sigmoid,2,0.4,0.6,12,9,0.3333333333333333,0.5035854634057079,0.4274578324470299
20260926,calibration,rock,sigmoid,3,0.6,0.8,10,8,0.7,0.7374961410796732,0.6244157598834049
20260926,calibration,rock,sigmoid,4,0.8,1.0,9,6,0.7777777777777778,0.8616972268272354,0.7584262328751585
20260926,calibration,electronic,temperature,0,0.0,0.2,91,50,0.06593406593406594,0.09652086600439923,0.09517839963469979
20260926,calibration,electronic,temperature,1,0.2,0.4,47,28,0.3404255319148936,0.2954026903629291,0.29407622021883284
20260926,calibration,electronic,temperature,2,0.4,0.6,39,25,0.6153846153846154,0.5021169852644422,0.502134111024727
20260926,calibration,electronic,temperature,3,0.6,0.8,37,28,0.7297297297297297,0.7108935516668704,0.7122618497159845
20260926,calibration,electronic,temperature,4,0.8,1.0,18,16,0.7222222222222222,0.8708308192456997,0.8723648652010035
20260926,calibration,pop,temperature,0,0.0,0.2,131,60,0.0916030534351145,0.10191721691423467,0.08825397791458735
20260926,calibration,pop,temperature,1,0.2,0.4,76,44,0.25,0.29152609958544157,0.277535600794656
20260926,calibration,pop,temperature,2,0.4,0.6,15,14,0.3333333333333333,0.47759083486317433,0.47581731355376916
20260926,calibration,pop,temperature,3,0.6,0.8,9,9,0.7777777777777778,0.6732431247345054,0.6858072441109067
20260926,calibration,pop,temperature,4,0.8,1.0,1,1,1.0,0.8381197876922767,0.8552319216895485
20260926,calibration,ambient,temperature,0,0.0,0.2,91,53,0.04395604395604396,0.08925016427215421,0.08608898920026974
20260926,calibration,ambient,temperature,1,0.2,0.4,51,34,0.21568627450980393,0.31006610515712757,0.30678550718784214
20260926,calibration,ambient,temperature,2,0.4,0.6,40,30,0.3,0.4940252593390106,0.4939082115313008
20260926,calibration,ambient,temperature,3,0.6,0.8,33,23,0.5454545454545454,0.7211137944218039,0.7247854279887026
20260926,calibration,ambient,temperature,4,0.8,1.0,17,10,0.7058823529411765,0.8599686244213848,0.8640130122445185
20260926,calibration,rock,temperature,0,0.0,0.2,168,72,0.09523809523809523,0.0669103124619247,0.0868855399571718
20260926,calibration,rock,temperature,1,0.2,0.4,33,25,0.21212121212121213,0.2915678716499616,0.31350626401475123
20260926,calibration,rock,temperature,2,0.4,0.6,12,9,0.3333333333333333,0.5035854634057079,0.5031427266787909
20260926,calibration,rock,temperature,3,0.6,0.8,10,8,0.7,0.7374961410796732,0.7133474645072477
20260926,calibration,rock,temperature,4,0.8,1.0,9,6,0.7777777777777778,0.8616972268272354,0.8347866660621485
20260926,evaluation,electronic,sigmoid,0,0.0,0.2,100,48,0.12,0.09377047484807756,0.09472529079426545
20260926,evaluation,electronic,sigmoid,1,0.2,0.4,49,37,0.40816326530612246,0.31593838192140977,0.3246793331768856
20260926,evaluation,electronic,sigmoid,2,0.4,0.6,32,24,0.40625,0.4829589306831966,0.49670867581750605
20260926,evaluation,electronic,sigmoid,3,0.6,0.8,38,29,0.6842105263157895,0.7014226856674096,0.7168274310853517
20260926,evaluation,electronic,sigmoid,4,0.8,1.0,22,12,0.9545454545454546,0.8877696639511377,0.8972042741125904
20260926,evaluation,pop,sigmoid,0,0.0,0.2,151,70,0.09933774834437085,0.09111677128750419,0.08077019703690688
20260926,evaluation,pop,sigmoid,1,0.2,0.4,57,37,0.40350877192982454,0.27630694809916256,0.24225306837166133
20260926,evaluation,pop,sigmoid,2,0.4,0.6,23,16,0.5217391304347826,0.47090402436279766,0.4195853397465959
20260926,evaluation,pop,sigmoid,3,0.6,0.8,10,8,0.8,0.7035207060325683,0.6507089648765124
20260926,evaluation,pop,sigmoid,4,0.8,1.0,0,0,,,
20260926,evaluation,ambient,sigmoid,0,0.0,0.2,79,48,0.06329113924050633,0.08821560851965958,0.05359440835581291
20260926,evaluation,ambient,sigmoid,1,0.2,0.4,60,40,0.11666666666666667,0.3063206829330679,0.18503743657583302
20260926,evaluation,ambient,sigmoid,2,0.4,0.6,36,29,0.25,0.5061537274352622,0.32875006480570446
20260926,evaluation,ambient,sigmoid,3,0.6,0.8,39,28,0.46153846153846156,0.7024549971060493,0.5127036153123253
20260926,evaluation,ambient,sigmoid,4,0.8,1.0,27,20,0.4444444444444444,0.871972443455387,0.7370523638629716
20260926,evaluation,rock,sigmoid,0,0.0,0.2,186,77,0.06989247311827956,0.06496523514457443,0.08059392581254869
20260926,evaluation,rock,sigmoid,1,0.2,0.4,22,15,0.45454545454545453,0.266594440945181,0.2508321406361336
20260926,evaluation,rock,sigmoid,2,0.4,0.6,12,11,0.5833333333333334,0.4832572067303451,0.41253143940821313
20260926,evaluation,rock,sigmoid,3,0.6,0.8,10,8,0.5,0.6809787106948851,0.5720462999212577
20260926,evaluation,rock,sigmoid,4,0.8,1.0,11,5,1.0,0.8755567108205802,0.7760807580085306
20260926,evaluation,electronic,temperature,0,0.0,0.2,100,48,0.12,0.09377047484807756,0.09246901196317506
20260926,evaluation,electronic,temperature,1,0.2,0.4,49,37,0.40816326530612246,0.31593838192140977,0.31470922360173625
20260926,evaluation,electronic,temperature,2,0.4,0.6,32,24,0.40625,0.4829589306831966,0.48283191885619037
20260926,evaluation,electronic,temperature,3,0.6,0.8,38,29,0.6842105263157895,0.7014226856674096,0.7027422601527146
20260926,evaluation,electronic,temperature,4,0.8,1.0,22,12,0.9545454545454546,0.8877696639511377,0.8892265572859731
20260926,evaluation,pop,temperature,0,0.0,0.2,151,70,0.09933774834437085,0.09111677128750419,0.07815823468578172
20260926,evaluation,pop,temperature,1,0.2,0.4,57,37,0.40350877192982454,0.27630694809916256,0.2615826169992245
20260926,evaluation,pop,temperature,2,0.4,0.6,23,16,0.5217391304347826,0.47090402436279766,0.4686159692895736
20260926,evaluation,pop,temperature,3,0.6,0.8,10,8,0.8,0.7035207060325683,0.7172840380981493
20260926,evaluation,pop,temperature,4,0.8,1.0,0,0,,,
20260926,evaluation,ambient,temperature,0,0.0,0.2,79,48,0.06329113924050633,0.08821560851965958,0.08492650682456562
20260926,evaluation,ambient,temperature,1,0.2,0.4,60,40,0.11666666666666667,0.3063206829330679,0.30299007624771335
20260926,evaluation,ambient,temperature,2,0.4,0.6,36,29,0.25,0.5061537274352622,0.5062732849435342
20260926,evaluation,ambient,temperature,3,0.6,0.8,39,28,0.46153846153846156,0.7024549971060493,0.7058757811927318
20260926,evaluation,ambient,temperature,4,0.8,1.0,27,20,0.4444444444444444,0.871972443455387,0.8758920340603814
20260926,evaluation,rock,temperature,0,0.0,0.2,186,77,0.06989247311827956,0.06496523514457443,0.08445111411953286
20260926,evaluation,rock,temperature,1,0.2,0.4,22,15,0.45454545454545453,0.266594440945181,0.2906530805470153
20260926,evaluation,rock,temperature,2,0.4,0.6,12,11,0.5833333333333334,0.4832572067303451,0.48524436934688353
20260926,evaluation,rock,temperature,3,0.6,0.8,10,8,0.5,0.6809787106948851,0.6611356557456879
20260926,evaluation,rock,temperature,4,0.8,1.0,11,5,1.0,0.8755567108205802,0.849277922408829
20260927,calibration,electronic,sigmoid,0,0.0,0.2,93,45,0.03225806451612903,0.08736597944749137,0.06303132564093826
20260927,calibration,electronic,sigmoid,1,0.2,0.4,46,28,0.30434782608695654,0.2777545792792356,0.2313298139528046
20260927,calibration,electronic,sigmoid,2,0.4,0.6,38,24,0.5,0.5083489669645853,0.46774499535925773
20260927,calibration,electronic,sigmoid,3,0.6,0.8,36,27,0.6944444444444444,0.699689534268233,0.6796692858120301
20260927,calibration,electronic,sigmoid,4,0.8,1.0,31,17,0.8064516129032258,0.8794131235689815,0.8791777719764744
20260927,calibration,pop,sigmoid,0,0.0,0.2,145,64,0.13793103448275862,0.10447758046010708,0.14525592133279291
20260927,calibration,pop,sigmoid,1,0.2,0.4,59,45,0.3050847457627119,0.269346114990905,0.33172389800766583
20260927,calibration,pop,sigmoid,2,0.4,0.6,25,16,0.68,0.47734468013332565,0.53445179141794
20260927,calibration,pop,sigmoid,3,0.6,0.8,12,11,0.5833333333333334,0.670027543485661,0.7055658977695031
20260927,calibration,pop,sigmoid,4,0.8,1.0,3,2,1.0,0.8330238677250025,0.8460322472529421
20260927,calibration,ambient,sigmoid,0,0.0,0.2,110,58,0.045454545454545456,0.08483545018321012,0.05370077535813744
20260927,calibration,ambient,sigmoid,1,0.2,0.4,61,38,0.13114754098360656,0.2892004315769525,0.1607541404703643
20260927,calibration,ambient,sigmoid,2,0.4,0.6,38,26,0.3684210526315789,0.4954842288662287,0.2813678772534053
20260927,calibration,ambient,sigmoid,3,0.6,0.8,27,19,0.4444444444444444,0.6858036237101196,0.42738660097736064
20260927,calibration,ambient,sigmoid,4,0.8,1.0,8,8,0.5,0.859259846230845,0.6319373175745625
20260927,calibration,rock,sigmoid,0,0.0,0.2,158,69,0.056962025316455694,0.08489363464603956,0.05151779579580528
20260927,calibration,rock,sigmoid,1,0.2,0.4,47,31,0.14893617021276595,0.2712257713238029,0.17900648782864564
20260927,calibration,rock,sigmoid,2,0.4,0.6,13,10,0.46153846153846156,0.49909904789111764,0.3694483069407501
20260927,calibration,rock,sigmoid,3,0.6,0.8,12,11,0.5833333333333334,0.6887524461143085,0.5666755087436123
20260927,calibration,rock,sigmoid,4,0.8,1.0,14,8,0.7857142857142857,0.9020593289778607,0.8459963677569811
20260927,calibration,electronic,temperature,0,0.0,0.2,93,45,0.03225806451612903,0.08736597944749137,0.06992210573869015
20260927,calibration,electronic,temperature,1,0.2,0.4,46,28,0.30434782608695654,0.2777545792792356,0.257568835954056
20260927,calibration,electronic,temperature,2,0.4,0.6,38,24,0.5,0.5083489669645853,0.5092705479483355
20260927,calibration,electronic,temperature,3,0.6,0.8,36,27,0.6944444444444444,0.699689534268233,0.7185907485728092
20260927,calibration,electronic,temperature,4,0.8,1.0,31,17,0.8064516129032258,0.8794131235689815,0.8997591249357506
20260927,calibration,pop,temperature,0,0.0,0.2,145,64,0.13793103448275862,0.10447758046010708,0.14563632120895725
20260927,calibration,pop,temperature,1,0.2,0.4,59,45,0.3050847457627119,0.269346114990905,0.30702418437866424
20260927,calibration,pop,temperature,2,0.4,0.6,25,16,0.68,0.47734468013332565,0.48155684474661764
20260927,calibration,pop,temperature,3,0.6,0.8,12,11,0.5833333333333334,0.670027543485661,0.6407138334816282
20260927,calibration,pop,temperature,4,0.8,1.0,3,2,1.0,0.8330238677250025,0.7878543270484927
20260927,calibration,ambient,temperature,0,0.0,0.2,110,58,0.045454545454545456,0.08483545018321012,0.07171994106951725
20260927,calibration,ambient,temperature,1,0.2,0.4,61,38,0.13114754098360656,0.2892004315769525,0.2738442766248821
20260927,calibration,ambient,temperature,2,0.4,0.6,38,26,0.3684210526315789,0.4954842288662287,0.49509746327598253
20260927,calibration,ambient,temperature,3,0.6,0.8,27,19,0.4444444444444444,0.6858036237101196,0.6998570059376704
20260927,calibration,ambient,temperature,4,0.8,1.0,8,8,0.5,0.859259846230845,0.8768102538057336
20260927,calibration,rock,temperature,0,0.0,0.2,158,69,0.056962025316455694,0.08489363464603956,0.057816402402991234
20260927,calibration,rock,temperature,1,0.2,0.4,47,31,0.14893617021276595,0.2712257713238029,0.23633678404200079
20260927,calibration,rock,temperature,2,0.4,0.6,13,10,0.46153846153846156,0.49909904789111764,0.4989294894795289
20260927,calibration,rock,temperature,3,0.6,0.8,12,11,0.5833333333333334,0.6887524461143085,0.7196155260528236
20260927,calibration,rock,temperature,4,0.8,1.0,14,8,0.7857142857142857,0.9020593289778607,0.9323419822931802
20260927,evaluation,electronic,sigmoid,0,0.0,0.2,78,42,0.0641025641025641,0.09104917070892848,0.06616070489196911
20260927,evaluation,electronic,sigmoid,1,0.2,0.4,57,39,0.3684210526315789,0.2991110900507059,0.25183788849471717
20260927,evaluation,electronic,sigmoid,2,0.4,0.6,46,30,0.41304347826086957,0.5145866973053698,0.47440173790704654
20260927,evaluation,electronic,sigmoid,3,0.6,0.8,28,23,0.75,0.7011158059779916,0.6812538150525522
20260927,evaluation,electronic,sigmoid,4,0.8,1.0,34,19,0.7647058823529411,0.8731683996964955,0.872436955447692
20260927,evaluation,pop,sigmoid,0,0.0,0.2,137,63,0.11678832116788321,0.11512587459259695,0.1582741115040638
20260927,evaluation,pop,sigmoid,1,0.2,0.4,78,46,0.3076923076923077,0.28587558918611616,0.34862671666493317
20260927,evaluation,pop,sigmoid,2,0.4,0.6,25,22,0.28,0.4624820562309821,0.5206015434482666
20260927,evaluation,pop,sigmoid,3,0.6,0.8,2,2,0.5,0.6786888180170102,0.7132517605690025
20260927,evaluation,pop,sigmoid,4,0.8,1.0,1,1,1.0,0.828096023305932,0.8416008004814939
20260927,evaluation,ambient,sigmoid,0,0.0,0.2,105,57,0.047619047619047616,0.09785376773354723,0.060702601366251906
20260927,evaluation,ambient,sigmoid,1,0.2,0.4,59,41,0.22033898305084745,0.30357088574136265,0.16852054098698696
20260927,evaluation,ambient,sigmoid,2,0.4,0.6,39,27,0.4358974358974359,0.5104060104214097,0.29096239180506334
20260927,evaluation,ambient,sigmoid,3,0.6,0.8,26,14,0.5384615384615384,0.7008017498983853,0.44222094563738684
20260927,evaluation,ambient,sigmoid,4,0.8,1.0,14,12,0.7857142857142857,0.8609637356220443,0.6387485820730161
20260927,evaluation,rock,sigmoid,0,0.0,0.2,182,75,0.04945054945054945,0.07716223669327595,0.046705364541094856
20260927,evaluation,rock,sigmoid,1,0.2,0.4,27,20,0.48148148148148145,0.27393493054455614,0.18114347304968823
20260927,evaluation,rock,sigmoid,2,0.4,0.6,16,12,0.4375,0.49408458541837025,0.3643698411111317
20260927,evaluation,rock,sigmoid,3,0.6,0.8,7,6,0.8571428571428571,0.7013950064781961,0.5813724838853389
20260927,evaluation,rock,sigmoid,4,0.8,1.0,11,7,1.0,0.8900696056623597,0.8282369387870046
20260927,evaluation,electronic,temperature,0,0.0,0.2,78,42,0.0641025641025641,0.09104917070892848,0.07344138788822552
20260927,evaluation,electronic,temperature,1,0.2,0.4,57,39,0.3684210526315789,0.2991110900507059,0.28012210506292695
20260927,evaluation,electronic,temperature,2,0.4,0.6,46,30,0.41304347826086957,0.5145866973053698,0.5162161581797875
20260927,evaluation,electronic,temperature,3,0.6,0.8,28,23,0.75,0.7011158059779916,0.720229882053039
20260927,evaluation,electronic,temperature,4,0.8,1.0,34,19,0.7647058823529411,0.8731683996964955,0.8939617362694015
20260927,evaluation,pop,temperature,0,0.0,0.2,137,63,0.11678832116788321,0.11512587459259695,0.15722268495516556
20260927,evaluation,pop,temperature,1,0.2,0.4,78,46,0.3076923076923077,0.28587558918611616,0.32136496139250714
20260927,evaluation,pop,temperature,2,0.4,0.6,25,22,0.28,0.4624820562309821,0.46944445305265836
20260927,evaluation,pop,temperature,3,0.6,0.8,2,2,0.5,0.6786888180170102,0.6473072465366462
20260927,evaluation,pop,temperature,4,0.8,1.0,1,1,1.0,0.828096023305932,0.7817778706749925
20260927,evaluation,ambient,temperature,0,0.0,0.2,105,57,0.047619047619047616,0.09785376773354723,0.08372800594777993
20260927,evaluation,ambient,temperature,1,0.2,0.4,59,41,0.22033898305084745,0.30357088574136265,0.28908599889681424
20260927,evaluation,ambient,temperature,2,0.4,0.6,39,27,0.4358974358974359,0.5104060104214097,0.5113054005732453
20260927,evaluation,ambient,temperature,3,0.6,0.8,26,14,0.5384615384615384,0.7008017498983853,0.7155644399344534
20260927,evaluation,ambient,temperature,4,0.8,1.0,14,12,0.7857142857142857,0.8609637356220443,0.8779815616665501
20260927,evaluation,rock,temperature,0,0.0,0.2,182,75,0.04945054945054945,0.07716223669327595,0.051875084132891894
20260927,evaluation,rock,temperature,1,0.2,0.4,27,20,0.48148148148148145,0.27393493054455614,0.23938437145084213
20260927,evaluation,rock,temperature,2,0.4,0.6,16,12,0.4375,0.49408458541837025,0.49296361187316845
20260927,evaluation,rock,temperature,3,0.6,0.8,7,6,0.8571428571428571,0.7013950064781961,0.7336568935382161
20260927,evaluation,rock,temperature,4,0.8,1.0,11,7,1.0,0.8900696056623597,0.922235898074241
20260928,calibration,electronic,sigmoid,0,0.0,0.2,96,49,0.08333333333333333,0.08418444957839144,0.10868964482085308
20260928,calibration,electronic,sigmoid,1,0.2,0.4,38,28,0.3684210526315789,0.29877112537243744,0.31994268290714883
20260928,calibration,electronic,sigmoid,2,0.4,0.6,30,24,0.5,0.5011651094130449,0.49707248906968726
20260928,calibration,electronic,sigmoid,3,0.6,0.8,41,31,0.6829268292682927,0.7080271983687737,0.6794744101415281
20260928,calibration,electronic,sigmoid,4,0.8,1.0,33,18,0.8484848484848485,0.8699895222781986,0.837495353295056
20260928,calibration,pop,sigmoid,0,0.0,0.2,120,57,0.075,0.1034304823204303,0.07655506777139909
20260928,calibration,pop,sigmoid,1,0.2,0.4,82,50,0.2073170731707317,0.28058025570350353,0.23314448669817522
20260928,calibration,pop,sigmoid,2,0.4,0.6,25,16,0.56,0.46253593414591954,0.41526614891382224
20260928,calibration,pop,sigmoid,3,0.6,0.8,10,10,0.5,0.6754091939404284,0.6471636187678362
20260928,calibration,pop,sigmoid,4,0.8,1.0,1,1,1.0,0.8490188087200843,0.8422542903158144
20260928,calibration,ambient,sigmoid,0,0.0,0.2,115,61,0.034782608695652174,0.08019471927466863,0.05317653124223325
20260928,calibration,ambient,sigmoid,1,0.2,0.4,45,27,0.17777777777777778,0.2866817817293188,0.15338608716321347
20260928,calibration,ambient,sigmoid,2,0.4,0.6,30,24,0.26666666666666666,0.49930770867911606,0.2628032744615344
20260928,calibration,ambient,sigmoid,3,0.6,0.8,33,24,0.48484848484848486,0.689686111699635,0.3936697116565282
20260928,calibration,ambient,sigmoid,4,0.8,1.0,15,12,0.4666666666666667,0.8721467133359653,0.607141715334793
20260928,calibration,rock,sigmoid,0,0.0,0.2,152,68,0.03289473684210526,0.07368813911938735,0.04415135345901725
20260928,calibration,rock,sigmoid,1,0.2,0.4,36,26,0.3055555555555556,0.2771378029075011,0.20349530143748543
20260928,calibration,rock,sigmoid,2,0.4,0.6,22,16,0.3181818181818182,0.4823771357033629,0.4062758963915565
20260928,calibration,rock,sigmoid,3,0.6,0.8,18,13,0.6666666666666666,0.7279469325331411,0.6884426500491123
20260928,calibration,rock,sigmoid,4,0.8,1.0,10,7,0.9,0.8736596208467905,0.8633125790001872
20260928,calibration,electronic,temperature,0,0.0,0.2,96,49,0.08333333333333333,0.08418444957839144,0.10969363531413216
20260928,calibration,electronic,temperature,1,0.2,0.4,38,28,0.3684210526315789,0.29877112537243744,0.322949654230771
20260928,calibration,electronic,temperature,2,0.4,0.6,30,24,0.5,0.5011651094130449,0.5010087816352572
20260928,calibration,electronic,temperature,3,0.6,0.8,41,31,0.6829268292682927,0.7080271983687737,0.6833082746318789
20260928,calibration,electronic,temperature,4,0.8,1.0,33,18,0.8484848484848485,0.8699895222781986,0.8401508185527671
20260928,calibration,pop,temperature,0,0.0,0.2,120,57,0.075,0.1034304823204303,0.07443610224125387
20260928,calibration,pop,temperature,1,0.2,0.4,82,50,0.2073170731707317,0.28058025570350353,0.2485467812534048
20260928,calibration,pop,temperature,2,0.4,0.6,25,16,0.56,0.46253593414591954,0.4558790666598512
20260928,calibration,pop,temperature,3,0.6,0.8,10,10,0.5,0.6754091939404284,0.7029067836169208
20260928,calibration,pop,temperature,4,0.8,1.0,1,1,1.0,0.8490188087200843,0.8849986318673115
20260928,calibration,ambient,temperature,0,0.0,0.2,115,61,0.034782608695652174,0.08019471927466863,0.09177260094890177
20260928,calibration,ambient,temperature,1,0.2,0.4,45,27,0.17777777777777778,0.2866817817293188,0.2992583016343093
20260928,calibration,ambient,temperature,2,0.4,0.6,30,24,0.26666666666666666,0.49930770867911606,0.4993470729129444
20260928,calibration,ambient,temperature,3,0.6,0.8,33,24,0.48484848484848486,0.689686111699635,0.678116083905019
20260928,calibration,ambient,temperature,4,0.8,1.0,15,12,0.4666666666666667,0.8721467133359653,0.8576437616875174
20260928,calibration,rock,temperature,0,0.0,0.2,152,68,0.03289473684210526,0.07368813911938735,0.04786371887177346
20260928,calibration,rock,temperature,1,0.2,0.4,36,26,0.3055555555555556,0.2771378029075011,0.23967082916629337
20260928,calibration,rock,temperature,2,0.4,0.6,22,16,0.3181818181818182,0.4823771357033629,0.47875989655402373
20260928,calibration,rock,temperature,3,0.6,0.8,18,13,0.6666666666666666,0.7279469325331411,0.7654646803436584
20260928,calibration,rock,temperature,4,0.8,1.0,10,7,0.9,0.8736596208467905,0.9108713252608507
20260928,evaluation,electronic,sigmoid,0,0.0,0.2,103,51,0.0970873786407767,0.09470737724928847,0.11989956783733993
20260928,evaluation,electronic,sigmoid,1,0.2,0.4,40,29,0.175,0.2866768351841202,0.30910053522719677
20260928,evaluation,electronic,sigmoid,2,0.4,0.6,49,36,0.4897959183673469,0.4983084395463407,0.4946087485629898
20260928,evaluation,electronic,sigmoid,3,0.6,0.8,28,19,0.8571428571428571,0.704462159747515,0.6763289804513292
20260928,evaluation,electronic,sigmoid,4,0.8,1.0,17,11,0.8235294117647058,0.8740331010831603,0.8411163253968378
20260928,evaluation,pop,sigmoid,0,0.0,0.2,141,69,0.16312056737588654,0.10919603344301092,0.0816288784153506
20260928,evaluation,pop,sigmoid,1,0.2,0.4,67,43,0.3582089552238806,0.272067996915389,0.22508246605515456
20260928,evaluation,pop,sigmoid,2,0.4,0.6,23,15,0.43478260869565216,0.48294248212292995,0.43715629521367577
20260928,evaluation,pop,sigmoid,3,0.6,0.8,4,4,0.5,0.6192043788492569,0.58428782627722
20260928,evaluation,pop,sigmoid,4,0.8,1.0,2,2,1.0,0.8290801618355461,0.8199481792871944
20260928,evaluation,ambient,sigmoid,0,0.0,0.2,91,46,0.054945054945054944,0.0895132614485478,0.05759034657115442
20260928,evaluation,ambient,sigmoid,1,0.2,0.4,47,37,0.1702127659574468,0.30256075977519303,0.16088570799033086
20260928,evaluation,ambient,sigmoid,2,0.4,0.6,43,29,0.32558139534883723,0.5067711824179371,0.2673851200422181
20260928,evaluation,ambient,sigmoid,3,0.6,0.8,35,23,0.45714285714285713,0.7034220806365411,0.40599080325703346
20260928,evaluation,ambient,sigmoid,4,0.8,1.0,21,19,0.42857142857142855,0.870639999005135,0.6040233101907788
20260928,evaluation,rock,sigmoid,0,0.0,0.2,175,77,0.08,0.0663509974291424,0.03953192335649053
20260928,evaluation,rock,sigmoid,1,0.2,0.4,32,22,0.15625,0.2938512272714654,0.219201525992957
20260928,evaluation,rock,sigmoid,2,0.4,0.6,11,8,0.36363636363636365,0.4818336715260856,0.4054846449980479
20260928,evaluation,rock,sigmoid,3,0.6,0.8,12,11,0.75,0.706995513857844,0.6633696339869014
20260928,evaluation,rock,sigmoid,4,0.8,1.0,7,6,0.8571428571428571,0.9053389569757243,0.9001092688635374
20260928,evaluation,electronic,temperature,0,0.0,0.2,103,51,0.0970873786407767,0.09470737724928847,0.12102216717673085
20260928,evaluation,electronic,temperature,1,0.2,0.4,40,29,0.175,0.2866768351841202,0.31202560489732345
20260928,evaluation,electronic,temperature,2,0.4,0.6,49,36,0.4897959183673469,0.4983084395463407,0.4985334808274181
20260928,evaluation,electronic,temperature,3,0.6,0.8,28,19,0.8571428571428571,0.704462159747515,0.6801688269579722
20260928,evaluation,electronic,temperature,4,0.8,1.0,17,11,0.8235294117647058,0.8740331010831603,0.8437563797073437
20260928,evaluation,pop,temperature,0,0.0,0.2,141,69,0.16312056737588654,0.10919603344301092,0.08012651175853557
20260928,evaluation,pop,temperature,1,0.2,0.4,67,43,0.3582089552238806,0.272067996915389,0.23932399404622764
20260928,evaluation,pop,temperature,2,0.4,0.6,23,15,0.43478260869565216,0.48294248212292995,0.4799286085720025
20260928,evaluation,pop,temperature,3,0.6,0.8,4,4,0.5,0.6192043788492569,0.6397571197055443
20260928,evaluation,pop,temperature,4,0.8,1.0,2,2,1.0,0.8290801618355461,0.8659114421942358
20260928,evaluation,ambient,temperature,0,0.0,0.2,91,46,0.054945054945054944,0.0895132614485478,0.1013447964369805
20260928,evaluation,ambient,temperature,1,0.2,0.4,47,37,0.1702127659574468,0.30256075977519303,0.31443524201889794
20260928,evaluation,ambient,temperature,2,0.4,0.6,43,29,0.32558139534883723,0.5067711824179371,0.5063144997466382
20260928,evaluation,ambient,temperature,3,0.6,0.8,35,23,0.45714285714285713,0.7034220806365411,0.6912736695169204
20260928,evaluation,ambient,temperature,4,0.8,1.0,21,19,0.42857142857142855,0.870639999005135,0.8560127070351103
20260928,evaluation,rock,temperature,0,0.0,0.2,175,77,0.08,0.0663509974291424,0.04272520902621188
20260928,evaluation,rock,temperature,1,0.2,0.4,32,22,0.15625,0.2938512272714654,0.25868396084866596
20260928,evaluation,rock,temperature,2,0.4,0.6,11,8,0.36363636363636365,0.4818336715260856,0.4780732825728999
20260928,evaluation,rock,temperature,3,0.6,0.8,12,11,0.75,0.706995513857844,0.7423702406710199
20260928,evaluation,rock,temperature,4,0.8,1.0,7,6,0.8571428571428571,0.9053389569757243,0.9368561805228629
20260929,calibration,electronic,sigmoid,0,0.0,0.2,88,44,0.09090909090909091,0.09886895099552064,0.08051713286222398
20260929,calibration,electronic,sigmoid,1,0.2,0.4,60,37,0.26666666666666666,0.306914977390448,0.2794170261773972
20260929,calibration,electronic,sigmoid,2,0.4,0.6,41,31,0.4878048780487805,0.5008042351169733,0.48242785849447767
20260929,calibration,electronic,sigmoid,3,0.6,0.8,37,26,0.7027027027027027,0.7025234045174875,0.7002889292384313
20260929,calibration,electronic,sigmoid,4,0.8,1.0,22,18,0.8636363636363636,0.8775441546328203,0.8845108150232697
20260929,calibration,pop,sigmoid,0,0.0,0.2,145,68,0.10344827586206896,0.09551115925050131,0.09971284842150316
20260929,calibration,pop,sigmoid,1,0.2,0.4,70,40,0.2571428571428571,0.2878048895841502,0.2853817007827648
20260929,calibration,pop,sigmoid,2,0.4,0.6,23,21,0.5217391304347826,0.47599237119865523,0.46335813072883913
20260929,calibration,pop,sigmoid,3,0.6,0.8,9,8,0.6666666666666666,0.7011582391178849,0.6808972834321687
20260929,calibration,pop,sigmoid,4,0.8,1.0,1,1,1.0,0.800273709779268,0.779605329222281
20260929,calibration,ambient,sigmoid,0,0.0,0.2,86,58,0.03488372093023256,0.10498953306716649,0.04466162896462484
20260929,calibration,ambient,sigmoid,1,0.2,0.4,63,41,0.14285714285714285,0.29313796279738,0.12764730766533303
20260929,calibration,ambient,sigmoid,2,0.4,0.6,42,30,0.2619047619047619,0.49265887867744035,0.23931027597375693
20260929,calibration,ambient,sigmoid,3,0.6,0.8,32,24,0.34375,0.6868290802535018,0.39678821584157364
20260929,calibration,ambient,sigmoid,4,0.8,1.0,25,19,0.68,0.8733428439574614,0.6547626447613589
20260929,calibration,rock,sigmoid,0,0.0,0.2,192,77,0.078125,0.07156599990421536,0.07859466322276175
20260929,calibration,rock,sigmoid,1,0.2,0.4,31,20,0.41935483870967744,0.28847847521007375,0.3531985900431388
20260929,calibration,rock,sigmoid,2,0.4,0.6,14,12,0.5714285714285714,0.5006244745050086,0.605038596804795
20260929,calibration,rock,sigmoid,3,0.6,0.8,7,6,0.7142857142857143,0.7274691384313974,0.8217198468879584
20260929,calibration,rock,sigmoid,4,0.8,1.0,4,4,0.75,0.8778425111766148,0.9345224317476156
20260929,calibration,electronic,temperature,0,0.0,0.2,88,44,0.09090909090909091,0.09886895099552064,0.0832395171883206
20260929,calibration,electronic,temperature,1,0.2,0.4,60,37,0.26666666666666666,0.306914977390448,0.29148116657746215
20260929,calibration,electronic,temperature,2,0.4,0.6,41,31,0.4878048780487805,0.5008042351169733,0.500863282857172
20260929,calibration,electronic,temperature,3,0.6,0.8,37,26,0.7027027027027027,0.7025234045174875,0.7184931610136154
20260929,calibration,electronic,temperature,4,0.8,1.0,22,18,0.8636363636363636,0.8775441546328203,0.8949687410115306
20260929,calibration,pop,temperature,0,0.0,0.2,145,68,0.10344827586206896,0.09551115925050131,0.09935821637380368
20260929,calibration,pop,temperature,1,0.2,0.4,70,40,0.2571428571428571,0.2878048895841502,0.291604658747114
20260929,calibration,pop,temperature,2,0.4,0.6,23,21,0.5217391304347826,0.47599237119865523,0.47649677129613044
20260929,calibration,pop,temperature,3,0.6,0.8,9,8,0.6666666666666666,0.7011582391178849,0.6975329530428915
20260929,calibration,pop,temperature,4,0.8,1.0,1,1,1.0,0.800273709779268,0.795518276787137
20260929,calibration,ambient,temperature,0,0.0,0.2,86,58,0.03488372093023256,0.10498953306716649,0.10111339041146158
20260929,calibration,ambient,temperature,1,0.2,0.4,63,41,0.14285714285714285,0.29313796279738,0.2893352272624143
20260929,calibration,ambient,temperature,2,0.4,0.6,42,30,0.2619047619047619,0.49265887867744035,0.4925024403728483
20260929,calibration,ambient,temperature,3,0.6,0.8,32,24,0.34375,0.6868290802535018,0.6903800187277943
20260929,calibration,ambient,temperature,4,0.8,1.0,25,19,0.68,0.8733428439574614,0.8776221437568045
20260929,calibration,rock,temperature,0,0.0,0.2,192,77,0.078125,0.07156599990421536,0.07682414411700388
20260929,calibration,rock,temperature,1,0.2,0.4,31,20,0.41935483870967744,0.28847847521007375,0.29459823693000003
20260929,calibration,rock,temperature,2,0.4,0.6,14,12,0.5714285714285714,0.5006244745050086,0.5006015141719272
20260929,calibration,rock,temperature,3,0.6,0.8,7,6,0.7142857142857143,0.7274691384313974,0.721108415501801
20260929,calibration,rock,temperature,4,0.8,1.0,4,4,0.75,0.8778425111766148,0.8707684937539271
20260929,evaluation,electronic,sigmoid,0,0.0,0.2,107,56,0.08411214953271028,0.10587382616836158,0.08665559369751923
20260929,evaluation,electronic,sigmoid,1,0.2,0.4,48,35,0.3541666666666667,0.2865078137256246,0.25884416463895205
20260929,evaluation,electronic,sigmoid,2,0.4,0.6,34,27,0.5,0.49055962554501126,0.47151436719052314
20260929,evaluation,electronic,sigmoid,3,0.6,0.8,27,23,0.8148148148148148,0.716322451489148,0.7151255408954015
20260929,evaluation,electronic,sigmoid,4,0.8,1.0,15,11,0.8666666666666667,0.8870519575847744,0.8938982075264552
20260929,evaluation,pop,sigmoid,0,0.0,0.2,145,65,0.15862068965517243,0.09611853004089477,0.10040346972346885
20260929,evaluation,pop,sigmoid,1,0.2,0.4,45,33,0.3333333333333333,0.2894638111133349,0.28701316079534683
20260929,evaluation,pop,sigmoid,2,0.4,0.6,23,16,0.30434782608695654,0.4976412058323907,0.48394983670886366
20260929,evaluation,pop,sigmoid,3,0.6,0.8,13,10,0.46153846153846156,0.6646859472556967,0.6446808188622157
20260929,evaluation,pop,sigmoid,4,0.8,1.0,5,4,0.2,0.858931330058606,0.8409290003587564
20260929,evaluation,ambient,sigmoid,0,0.0,0.2,86,52,0.06976744186046512,0.08530746467744268,0.036568501652754035
20260929,evaluation,ambient,sigmoid,1,0.2,0.4,51,38,0.19607843137254902,0.2908611152192975,0.12634930156625537
20260929,evaluation,ambient,sigmoid,2,0.4,0.6,38,29,0.23684210526315788,0.5032635869825175,0.24600407502464616
20260929,evaluation,ambient,sigmoid,3,0.6,0.8,38,26,0.42105263157894735,0.6942450369168217,0.40509900958247885
20260929,evaluation,ambient,sigmoid,4,0.8,1.0,18,17,0.4444444444444444,0.8534494406969684,0.616124507722271
20260929,evaluation,rock,sigmoid,0,0.0,0.2,158,69,0.02531645569620253,0.07705415154067563,0.0848726832091588
20260929,evaluation,rock,sigmoid,1,0.2,0.4,37,27,0.21621621621621623,0.2747095173820309,0.33563158698301565
20260929,evaluation,rock,sigmoid,2,0.4,0.6,15,13,0.5333333333333333,0.4920465858869855,0.5943952313444542
20260929,evaluation,rock,sigmoid,3,0.6,0.8,10,8,0.4,0.6577821707364903,0.762050214526789
20260929,evaluation,rock,sigmoid,4,0.8,1.0,11,7,0.9090909090909091,0.8553266911528857,0.9202935021569595
20260929,evaluation,electronic,temperature,0,0.0,0.2,107,56,0.08411214953271028,0.10587382616836158,0.0896591858053239
20260929,evaluation,electronic,temperature,1,0.2,0.4,48,35,0.3541666666666667,0.2865078137256246,0.2700014604673466
20260929,evaluation,electronic,temperature,2,0.4,0.6,34,27,0.5,0.49055962554501126,0.48968903555282267
20260929,evaluation,electronic,temperature,3,0.6,0.8,27,23,0.8148148148148148,0.716322451489148,0.7329541408514965
20260929,evaluation,electronic,temperature,4,0.8,1.0,15,11,0.8666666666666667,0.8870519575847744,0.9036105020949717
20260929,evaluation,pop,temperature,0,0.0,0.2,145,65,0.15862068965517243,0.09611853004089477,0.10002203134400658
20260929,evaluation,pop,temperature,1,0.2,0.4,45,33,0.3333333333333333,0.2894638111133349,0.2933131458116817
20260929,evaluation,pop,temperature,2,0.4,0.6,23,16,0.30434782608695654,0.4976412058323907,0.4976927750945552
20260929,evaluation,pop,temperature,3,0.6,0.8,13,10,0.46153846153846156,0.6646859472556967,0.6615123020119901
20260929,evaluation,pop,temperature,4,0.8,1.0,5,4,0.2,0.858931330058606,0.8543965860239643
20260929,evaluation,ambient,temperature,0,0.0,0.2,86,52,0.06976744186046512,0.08530746467744268,0.08183396908053107
20260929,evaluation,ambient,temperature,1,0.2,0.4,51,38,0.19607843137254902,0.2908611152192975,0.2870015026433149
20260929,evaluation,ambient,temperature,2,0.4,0.6,38,29,0.23684210526315788,0.5032635869825175,0.5033330223593119
20260929,evaluation,ambient,temperature,3,0.6,0.8,38,26,0.42105263157894735,0.6942450369168217,0.6978813828576634
20260929,evaluation,ambient,temperature,4,0.8,1.0,18,17,0.4444444444444444,0.8534494406969684,0.8579683644351314
20260929,evaluation,rock,temperature,0,0.0,0.2,158,69,0.02531645569620253,0.07705415154067563,0.08265611772893745
20260929,evaluation,rock,temperature,1,0.2,0.4,37,27,0.21621621621621623,0.2747095173820309,0.2810745893483954
20260929,evaluation,rock,temperature,2,0.4,0.6,15,13,0.5333333333333333,0.4920465858869855,0.4923095785010029
20260929,evaluation,rock,temperature,3,0.6,0.8,10,8,0.4,0.6577821707364903,0.6529216180063513
20260929,evaluation,rock,temperature,4,0.8,1.0,11,7,0.9090909090909091,0.8553266911528857,0.8478357053975757
20260930,calibration,electronic,sigmoid,0,0.0,0.2,113,46,0.035398230088495575,0.09482497180772358,0.041468744611579164
20260930,calibration,electronic,sigmoid,1,0.2,0.4,38,28,0.3157894736842105,0.2979351273552496,0.22479208347388416
20260930,calibration,electronic,sigmoid,2,0.4,0.6,21,19,0.2857142857142857,0.49772643559192115,0.48680865009431523
20260930,calibration,electronic,sigmoid,3,0.6,0.8,28,20,0.75,0.7141895976392127,0.7746282556647472
20260930,calibration,electronic,sigmoid,4,0.8,1.0,31,17,1.0,0.8715949449123359,0.9309471164045017
20260930,calibration,pop,sigmoid,0,0.0,0.2,135,62,0.0962962962962963,0.10600435530563793,0.09126569124094046
20260930,calibration,pop,sigmoid,1,0.2,0.4,54,36,0.2037037037037037,0.28275331097118633,0.26436031420058065
20260930,calibration,pop,sigmoid,2,0.4,0.6,23,20,0.5217391304347826,0.4796317797052499,0.47054172664567206
20260930,calibration,pop,sigmoid,3,0.6,0.8,17,8,0.7647058823529411,0.6898464238684651,0.6946270213511274
20260930,calibration,pop,sigmoid,4,0.8,1.0,2,2,1.0,0.8757516635747334,0.8862778022687623
20260930,calibration,ambient,sigmoid,0,0.0,0.2,90,51,0.022222222222222223,0.11834340959036914,0.04618369820111845
20260930,calibration,ambient,sigmoid,1,0.2,0.4,62,36,0.14516129032258066,0.30681313863769694,0.11739792893009846
20260930,calibration,ambient,sigmoid,2,0.4,0.6,41,26,0.24390243902439024,0.5098962351056959,0.21493814115164758
20260930,calibration,ambient,sigmoid,3,0.6,0.8,22,20,0.45454545454545453,0.6814603919288029,0.336126099429201
20260930,calibration,ambient,sigmoid,4,0.8,1.0,16,15,0.375,0.8736758154085948,0.5848473875613593
20260930,calibration,rock,sigmoid,0,0.0,0.2,164,69,0.036585365853658534,0.060486256719657745,0.04343731589643553
20260930,calibration,rock,sigmoid,1,0.2,0.4,27,21,0.3333333333333333,0.3018619596659215,0.28859667222420593
20260930,calibration,rock,sigmoid,2,0.4,0.6,15,12,0.4666666666666667,0.49036001583981814,0.5100040250806134
20260930,calibration,rock,sigmoid,3,0.6,0.8,15,12,0.7333333333333333,0.6939232341189656,0.7413590803062419
20260930,calibration,rock,sigmoid,4,0.8,1.0,10,7,1.0,0.8964468012446156,0.9313723572093032
20260930,calibration,electronic,temperature,0,0.0,0.2,113,46,0.035398230088495575,0.09482497180772358,0.042415856111682
20260930,calibration,electronic,temperature,1,0.2,0.4,38,28,0.3157894736842105,0.2979351273552496,0.2306570146062514
20260930,calibration,electronic,temperature,2,0.4,0.6,21,19,0.2857142857142857,0.49772643559192115,0.4968049885143543
20260930,calibration,electronic,temperature,3,0.6,0.8,28,20,0.75,0.7141895976392127,0.7826908208750503
20260930,calibration,electronic,temperature,4,0.8,1.0,31,17,1.0,0.8715949449123359,0.9343752562137496
20260930,calibration,pop,temperature,0,0.0,0.2,135,62,0.0962962962962963,0.10600435530563793,0.09133595139601129
20260930,calibration,pop,temperature,1,0.2,0.4,54,36,0.2037037037037037,0.28275331097118633,0.267689018649108
20260930,calibration,pop,temperature,2,0.4,0.6,23,20,0.5217391304347826,0.4796317797052499,0.47794403214144215
20260930,calibration,pop,temperature,3,0.6,0.8,17,8,0.7647058823529411,0.6898464238684651,0.7034793570700821
20260930,calibration,pop,temperature,4,0.8,1.0,2,2,1.0,0.8757516635747334,0.892135863761014
20260930,calibration,ambient,temperature,0,0.0,0.2,90,51,0.022222222222222223,0.11834340959036914,0.09741713749302665
20260930,calibration,ambient,temperature,1,0.2,0.4,62,36,0.14516129032258066,0.30681313863769694,0.28732918857751644
20260930,calibration,ambient,temperature,2,0.4,0.6,41,26,0.24390243902439024,0.5098962351056959,0.5110465598906492
20260930,calibration,ambient,temperature,3,0.6,0.8,22,20,0.45454545454545453,0.6814603919288029,0.6999174060220908
20260930,calibration,ambient,temperature,4,0.8,1.0,16,15,0.375,0.8736758154085948,0.8953827991669325
20260930,calibration,rock,temperature,0,0.0,0.2,164,69,0.036585365853658534,0.060486256719657745,0.04273073453930896
20260930,calibration,rock,temperature,1,0.2,0.4,27,21,0.3333333333333333,0.3018619596659215,0.2759881713681284
20260930,calibration,rock,temperature,2,0.4,0.6,15,12,0.4666666666666667,0.49036001583981814,0.4888675447862512
20260930,calibration,rock,temperature,3,0.6,0.8,15,12,0.7333333333333333,0.6939232341189656,0.7198146494821202
20260930,calibration,rock,temperature,4,0.8,1.0,10,7,1.0,0.8964468012446156,0.9217289624822014
20260930,evaluation,electronic,sigmoid,0,0.0,0.2,90,44,0.1111111111111111,0.0929154783018882,0.04129528497685945
20260930,evaluation,electronic,sigmoid,1,0.2,0.4,53,35,0.24528301886792453,0.2915142399225251,0.21820756560246046
20260930,evaluation,electronic,sigmoid,2,0.4,0.6,50,32,0.48,0.4905877460695966,0.4768144247183715
20260930,evaluation,electronic,sigmoid,3,0.6,0.8,35,28,0.6857142857142857,0.6981811871590198,0.7561731975009859
20260930,evaluation,electronic,sigmoid,4,0.8,1.0,18,13,0.7777777777777778,0.8618816420222193,0.9242874700088932
20260930,evaluation,pop,sigmoid,0,0.0,0.2,139,64,0.1223021582733813,0.1042923136452464,0.08961177312538059
20260930,evaluation,pop,sigmoid,1,0.2,0.4,66,40,0.25757575757575757,0.2931965824848264,0.2750435585310215
20260930,evaluation,pop,sigmoid,2,0.4,0.6,30,23,0.3,0.4933093375061902,0.48519362926623405
20260930,evaluation,pop,sigmoid,3,0.6,0.8,10,7,0.6,0.6784282061544042,0.6826126625994307
20260930,evaluation,pop,sigmoid,4,0.8,1.0,1,1,0.0,0.8238492671582559,0.8345598585654175
20260930,evaluation,ambient,sigmoid,0,0.0,0.2,76,46,0.05263157894736842,0.10607472177026653,0.041688169709682615
20260930,evaluation,ambient,sigmoid,1,0.2,0.4,49,32,0.24489795918367346,0.30169682929571023,0.11541207978586733
20260930,evaluation,ambient,sigmoid,2,0.4,0.6,58,43,0.3103448275862069,0.49723311285483995,0.20785580305544984
20260930,evaluation,ambient,sigmoid,3,0.6,0.8,47,35,0.3404255319148936,0.7001737085444902,0.3538238792984308
20260930,evaluation,ambient,sigmoid,4,0.8,1.0,16,14,0.5,0.8627902043921499,0.5595402401898948
20260930,evaluation,rock,sigmoid,0,0.0,0.2,194,75,0.07731958762886598,0.06788880126182627,0.04980244479453536
20260930,evaluation,rock,sigmoid,1,0.2,0.4,28,21,0.25,0.27082566354802046,0.2532726486805873
20260930,evaluation,rock,sigmoid,2,0.4,0.6,8,6,0.5,0.4861794600495188,0.5050264542122486
20260930,evaluation,rock,sigmoid,3,0.6,0.8,8,6,0.75,0.7018306554436485,0.7488480244806489
20260930,evaluation,rock,sigmoid,4,0.8,1.0,8,6,0.875,0.8868206209718722,0.9233993543347303
20260930,evaluation,electronic,temperature,0,0.0,0.2,90,44,0.1111111111111111,0.0929154783018882,0.042246546449280616
20260930,evaluation,electronic,temperature,1,0.2,0.4,53,35,0.24528301886792453,0.2915142399225251,0.22388618202711688
20260930,evaluation,electronic,temperature,2,0.4,0.6,50,32,0.48,0.4905877460695966,0.4867162065428648
20260930,evaluation,electronic,temperature,3,0.6,0.8,35,28,0.6857142857142857,0.6981811871590198,0.7646819156991479
20260930,evaluation,electronic,temperature,4,0.8,1.0,18,13,0.7777777777777778,0.8618816420222193,0.9280164485405074
20260930,evaluation,pop,temperature,0,0.0,0.2,139,64,0.1223021582733813,0.1042923136452464,0.08964911778369813
20260930,evaluation,pop,temperature,1,0.2,0.4,66,40,0.25757575757575757,0.2931965824848264,0.278606817735665
20260930,evaluation,pop,temperature,2,0.4,0.6,30,23,0.3,0.4933093375061902,0.4927530344439302
20260930,evaluation,pop,temperature,3,0.6,0.8,10,7,0.6,0.6784282061544042,0.6915347583364218
20260930,evaluation,pop,temperature,4,0.8,1.0,1,1,0.0,0.8238492671582559,0.8419464915346386
20260930,evaluation,ambient,temperature,0,0.0,0.2,76,46,0.05263157894736842,0.10607472177026653,0.08688878881330007
20260930,evaluation,ambient,temperature,1,0.2,0.4,49,32,0.24489795918367346,0.30169682929571023,0.2819449695103368
20260930,evaluation,ambient,temperature,2,0.4,0.6,58,43,0.3103448275862069,0.49723311285483995,0.4969108655690731
20260930,evaluation,ambient,temperature,3,0.6,0.8,47,35,0.3404255319148936,0.7001737085444902,0.7198613943222993
20260930,evaluation,ambient,temperature,4,0.8,1.0,16,14,0.5,0.8627902043921499,0.885582577850968
20260930,evaluation,rock,temperature,0,0.0,0.2,194,75,0.07731958762886598,0.06788880126182627,0.04886214442504605
20260930,evaluation,rock,temperature,1,0.2,0.4,28,21,0.25,0.27082566354802046,0.2424691178045116
20260930,evaluation,rock,temperature,2,0.4,0.6,8,6,0.5,0.4861794600495188,0.48403061904297207
20260930,evaluation,rock,temperature,3,0.6,0.8,8,6,0.75,0.7018306554436485,0.7278153008556602
20260930,evaluation,rock,temperature,4,0.8,1.0,8,6,0.875,0.8868206209718722,0.9129925569920107
