seed,role,label,tracks,artists,positive,positive_artists,positive_fraction
20260926,fit,electronic,733,281,257,109,0.3506139154160982
20260926,fit,pop,733,281,159,70,0.21691678035470668
20260926,fit,ambient,733,281,136,65,0.1855388813096862
20260926,fit,rock,733,281,133,68,0.18144611186903137
20260926,calibration,electronic,232,94,86,40,0.3706896551724138
20260926,calibration,pop,232,94,44,25,0.1896551724137931
20260926,calibration,ambient,232,94,57,23,0.24568965517241378
20260926,calibration,rock,232,94,41,22,0.17672413793103448
20260926,evaluation,electronic,241,94,92,40,0.3817427385892116
20260926,evaluation,pop,241,94,58,24,0.24066390041493776
20260926,evaluation,ambient,241,94,51,27,0.21161825726141079
20260926,evaluation,rock,241,94,46,23,0.1908713692946058
20260927,fit,electronic,719,281,257,117,0.3574408901251738
20260927,fit,pop,719,281,147,74,0.20445062586926285
20260927,fit,ambient,719,281,141,67,0.19610570236439498
20260927,fit,rock,719,281,134,71,0.18636995827538247
20260927,calibration,electronic,244,94,86,36,0.3524590163934426
20260927,calibration,pop,244,94,65,26,0.26639344262295084
20260927,calibration,ambient,244,94,43,23,0.1762295081967213
20260927,calibration,rock,244,94,40,20,0.16393442622950818
20260927,evaluation,electronic,243,94,92,36,0.3786008230452675
20260927,evaluation,pop,243,94,49,19,0.20164609053497942
20260927,evaluation,ambient,243,94,60,25,0.24691358024691357
20260927,evaluation,rock,243,94,46,22,0.18930041152263374
20260928,fit,electronic,731,281,263,116,0.359781121751026
20260928,fit,pop,731,281,154,73,0.2106703146374829
20260928,fit,ambient,731,281,149,65,0.20383036935704515
20260928,fit,rock,731,281,138,69,0.18878248974008208
20260928,calibration,electronic,238,94,93,38,0.3907563025210084
20260928,calibration,pop,238,94,46,21,0.19327731092436976
20260928,calibration,ambient,238,94,43,22,0.18067226890756302
20260928,calibration,rock,238,94,44,20,0.18487394957983194
20260928,evaluation,electronic,237,94,79,35,0.3333333333333333
20260928,evaluation,pop,237,94,61,25,0.25738396624472576
20260928,evaluation,ambient,237,94,52,28,0.21940928270042195
20260928,evaluation,rock,237,94,38,24,0.16033755274261605
20260929,fit,electronic,727,281,268,112,0.3686382393397524
20260929,fit,pop,727,281,157,71,0.21595598349381018
20260929,fit,ambient,727,281,144,69,0.19807427785419532
20260929,fit,rock,727,281,142,71,0.1953232462173315
20260929,calibration,electronic,248,94,89,41,0.3588709677419355
20260929,calibration,pop,248,94,52,24,0.20967741935483872
20260929,calibration,ambient,248,94,51,23,0.2056451612903226
20260929,calibration,rock,248,94,44,21,0.1774193548387097
20260929,evaluation,electronic,231,94,78,36,0.33766233766233766
20260929,evaluation,pop,231,94,52,24,0.22510822510822512
20260929,evaluation,ambient,231,94,49,23,0.21212121212121213
20260929,evaluation,rock,231,94,34,21,0.1471861471861472
20260930,fit,electronic,729,281,276,116,0.3786008230452675
20260930,fit,pop,729,281,161,71,0.22085048010973937
20260930,fit,ambient,729,281,149,69,0.20438957475994513
20260930,fit,rock,729,281,138,67,0.18930041152263374
20260930,calibration,electronic,231,94,74,38,0.3203463203463203
20260930,calibration,pop,231,94,51,25,0.22077922077922077
20260930,calibration,ambient,231,94,37,21,0.16017316017316016
20260930,calibration,rock,231,94,43,23,0.18614718614718614
20260930,evaluation,electronic,246,94,85,35,0.34552845528455284
20260930,evaluation,pop,246,94,49,23,0.1991869918699187
20260930,evaluation,ambient,246,94,58,25,0.23577235772357724
20260930,evaluation,rock,246,94,39,23,0.15853658536585366
