seed,role,label,method,tracks,artists,positive,positive_artists,positive_fraction,mean_probability,mean_signed_error,brier,log_loss
20260926,calibration,electronic,identity,232,94,86,40,0.3706896551724138,0.36305130964167265,-0.007638345530741187,0.15841877034379803,0.477396960683091
20260926,calibration,pop,identity,232,94,44,25,0.1896551724137931,0.2136565061099514,0.02400133369615834,0.13007059478644278,0.4223613613158282
20260926,calibration,ambient,identity,232,94,57,23,0.24568965517241378,0.3539326229156165,0.10824296774320273,0.1569278438725398,0.4698079634198646
20260926,calibration,rock,identity,232,94,41,22,0.17672413793103448,0.18118937185845876,0.004465233927424269,0.11336078568998667,0.369161771292861
20260926,calibration,electronic,sigmoid,232,94,86,40,0.3706896551724138,0.37068965455762576,-6.147880212577563e-10,0.15806691645511667,0.47715813894795195
20260926,calibration,pop,sigmoid,232,94,44,25,0.1896551724137931,0.18965517259955023,1.8575715678292094e-10,0.12916219062462814,0.4202042585382578
20260926,calibration,ambient,sigmoid,232,94,57,23,0.24568965517241378,0.2456896550399266,-1.3248719554387525e-10,0.14009318753172703,0.42992350150986175
20260926,calibration,rock,sigmoid,232,94,41,22,0.17672413793103448,0.17672413816489746,2.3386297496242917e-10,0.11094094251529076,0.36326718342855346
20260926,calibration,electronic,temperature,232,94,86,40,0.3706896551724138,0.36259613387981326,-0.008093521292600563,0.15843972549886784,0.4773897958867362
20260926,calibration,pop,temperature,232,94,44,25,0.1896551724137931,0.2018048861603407,0.012149713746547601,0.1293451578167402,0.42151234357693923
20260926,calibration,ambient,temperature,232,94,57,23,0.24568965517241378,0.3527699468829333,0.10708029171051953,0.15700908357291393,0.46976290957263034
20260926,calibration,rock,temperature,232,94,41,22,0.17672413793103448,0.1966670033839179,0.019942865452883422,0.1129675610732422,0.3663503325513785
20260926,evaluation,electronic,identity,241,94,92,40,0.3817427385892116,0.35891165412077064,-0.02283108446844098,0.16242841487612555,0.49105975890612064
20260926,evaluation,pop,identity,241,94,58,24,0.24066390041493776,0.1965731457540889,-0.044090754660848865,0.1467380074909059,0.4598940114266013
20260926,evaluation,ambient,identity,241,94,51,27,0.21161825726141079,0.3921527348428963,0.18053447758148547,0.18884982267013245,0.5668002010358419
20260926,evaluation,rock,identity,241,94,46,23,0.1908713692946058,0.16675771304740333,-0.024113656247202485,0.09662748837963041,0.31420498662247554
20260926,evaluation,electronic,sigmoid,241,94,92,40,0.3817427385892116,0.3662009561949149,-0.01554178239429675,0.16243580538462696,0.4905692613769269
20260926,evaluation,pop,sigmoid,241,94,58,24,0.24066390041493776,0.17494720793649157,-0.06571669247844619,0.15042881952464904,0.46951967416056684
20260926,evaluation,ambient,sigmoid,241,94,51,27,0.21161825726141079,0.27828656269354973,0.06666830543213893,0.15249062262613772,0.46767205795048156
20260926,evaluation,rock,sigmoid,241,94,46,23,0.1908713692946058,0.16479877969018247,-0.026072589604423362,0.09909716861447114,0.3235948108180429
20260926,evaluation,electronic,temperature,241,94,92,40,0.3817427385892116,0.358445911627781,-0.023296826961430556,0.16249626661726033,0.4912718722180444
20260926,evaluation,pop,temperature,241,94,58,24,0.24066390041493776,0.1853241090504171,-0.05533979136452065,0.14774737539626762,0.4647708357484261
20260926,evaluation,ambient,temperature,241,94,51,27,0.21161825726141079,0.39125592223285294,0.17963766497144215,0.18912328421780078,0.5684677966857705
20260926,evaluation,rock,temperature,241,94,46,23,0.1908713692946058,0.1820689673625894,-0.008802401932016384,0.09612099713832047,0.3150881820677669
20260927,calibration,electronic,identity,244,94,86,36,0.3524590163934426,0.37979359649348604,0.02733458010004339,0.14025209429769797,0.43153452354581645
20260927,calibration,pop,identity,244,94,65,26,0.26639344262295084,0.21931839786686477,-0.047075044756086065,0.16065007114173452,0.5026591980917938
20260927,calibration,ambient,identity,244,94,43,23,0.1762295081967213,0.29177173423477015,0.11554222603804878,0.142140934338639,0.4395699898757159
20260927,calibration,rock,identity,244,94,40,20,0.16393442622950818,0.21943833240958716,0.05550390618007896,0.094788779292121,0.3208775316179631
20260927,calibration,electronic,sigmoid,244,94,86,36,0.3524590163934426,0.3524590154532453,-9.40197332556764e-10,0.14036507150233754,0.4281476662265474
20260927,calibration,pop,sigmoid,244,94,65,26,0.26639344262295084,0.26639344621372385,3.5907730031628824e-09,0.15893083153629095,0.49453222146879566
20260927,calibration,ambient,sigmoid,244,94,43,23,0.1762295081967213,0.17622952442910644,1.6232385150508384e-08,0.1219705471891989,0.3883776121581658
20260927,calibration,rock,sigmoid,244,94,40,20,0.16393442622950818,0.16393442585014104,-3.7936715699632327e-10,0.09020741872083556,0.3064258057282674
20260927,calibration,electronic,temperature,244,94,86,36,0.3524590163934426,0.3748565693903726,0.02239755299692995,0.14040086866883553,0.43004001803762526
20260927,calibration,pop,temperature,244,94,65,26,0.26639344262295084,0.25132271948864937,-0.015070723134301422,0.1600305740838383,0.4961983419706781
20260927,calibration,ambient,temperature,244,94,43,23,0.1762295081967213,0.2840902425697337,0.10786073437301238,0.14194131970812798,0.43871917335414284
20260927,calibration,rock,temperature,244,94,40,20,0.16393442622950818,0.19843064695745466,0.034496220727946454,0.09347762391016926,0.3160064592029531
20260927,evaluation,electronic,identity,243,94,92,36,0.3786008230452675,0.3997577106226266,0.02115688757735917,0.1653190019559865,0.49689031106433457
20260927,evaluation,pop,identity,243,94,49,19,0.20164609053497942,0.21324306930377512,0.011596978768795665,0.15089127292242438,0.4684227567062551
20260927,evaluation,ambient,identity,243,94,60,25,0.24691358024691357,0.322491769848825,0.0755781896019114,0.14251734263716173,0.44042658209479646
20260927,evaluation,rock,identity,243,94,46,22,0.18930041152263374,0.18125783653171393,-0.00804257499091979,0.0854307139037226,0.2873849306146356
20260927,evaluation,electronic,sigmoid,243,94,92,36,0.3786008230452675,0.3706820488732082,-0.007918774172059277,0.1656638417972386,0.4979765497166775
20260927,evaluation,pop,sigmoid,243,94,49,19,0.20164609053497942,0.2640311937602786,0.06238510322529917,0.15509106606445416,0.4785129146641045
20260927,evaluation,ambient,sigmoid,243,94,60,25,0.24691358024691357,0.19795984805629807,-0.048953732190615516,0.14224606324339933,0.43429242992740485
20260927,evaluation,rock,sigmoid,243,94,46,22,0.18930041152263374,0.13333901765618672,-0.05596139386644703,0.09369298322225353,0.3051111879882351
20260927,evaluation,electronic,temperature,243,94,92,36,0.3786008230452675,0.3950718816904666,0.016471058645199124,0.16609930249013616,0.49961155712704874
20260927,evaluation,pop,temperature,243,94,49,19,0.20164609053497942,0.2486357140639423,0.04698962352896288,0.15209880266798922,0.4725430422367698
20260927,evaluation,ambient,temperature,243,94,60,25,0.24691358024691357,0.3155754834708354,0.06866190322392175,0.14202840178130535,0.43831964959216174
20260927,evaluation,rock,temperature,243,94,46,22,0.18930041152263374,0.1607911698144606,-0.028509241708173164,0.08586841256669757,0.28397519749937133
20260928,calibration,electronic,identity,238,94,93,38,0.3907563025210084,0.38743164947214215,-0.0033246530488662785,0.15731804531973786,0.48728788482170476
20260928,calibration,pop,identity,238,94,46,21,0.19327731092436976,0.22935188213408103,0.03607457120971126,0.13077292692066675,0.42016301434008096
20260928,calibration,ambient,identity,238,94,43,22,0.18067226890756302,0.3064880106760805,0.12581574176851745,0.14687241035841486,0.4510694181379296
20260928,calibration,rock,identity,238,94,44,20,0.18487394957983194,0.2253340169342662,0.04046006735443422,0.09813687532659485,0.3156305825911878
20260928,calibration,electronic,sigmoid,238,94,93,38,0.3907563025210084,0.3907563025206036,-4.047630578046848e-13,0.15707553648171121,0.48438163078802876
20260928,calibration,pop,sigmoid,238,94,46,21,0.19327731092436976,0.19327731194394113,1.019571387168068e-09,0.1291765877462075,0.41536566462414204
20260928,calibration,ambient,sigmoid,238,94,43,22,0.18067226890756302,0.18067226665434788,-2.2532151681346233e-09,0.12098446422456378,0.38272920850255404
20260928,calibration,rock,sigmoid,238,94,44,20,0.18487394957983194,0.18487394869336235,-8.864695998731221e-10,0.09677005690389068,0.30704807558483227
20260928,calibration,electronic,temperature,238,94,93,38,0.3907563025210084,0.3931661998829078,0.0024098973618993796,0.15707892197852485,0.48440079119795665
20260928,calibration,pop,temperature,238,94,46,21,0.19327731092436976,0.20430340952211115,0.011026098597741424,0.129229268353711,0.41637781509163035
20260928,calibration,ambient,temperature,238,94,43,22,0.18067226890756302,0.31194694144636276,0.13127467253879974,0.14663180755160055,0.45038995542197263
20260928,calibration,rock,temperature,238,94,44,20,0.18487394957983194,0.2072404636196597,0.02236651403982778,0.0982905588670065,0.3105045375859627
20260928,evaluation,electronic,identity,237,94,79,35,0.3333333333333333,0.3384917721230226,0.005158438789689278,0.14226179545539186,0.45307566514434616
20260928,evaluation,pop,identity,237,94,61,25,0.25738396624472576,0.20619346597759963,-0.0511905002671261,0.17231932586936735,0.5174151574769696
20260928,evaluation,ambient,identity,237,94,52,28,0.21940928270042195,0.36734361243295355,0.14793432973253165,0.18232923707849244,0.5424466604152173
20260928,evaluation,rock,identity,237,94,38,24,0.16033755274261605,0.17357026613796603,0.01323271339535001,0.09904171507625248,0.3397643172897507
20260928,evaluation,electronic,sigmoid,237,94,79,35,0.3333333333333333,0.34677508253292755,0.013441749199594252,0.14452717559548184,0.4572471732740169
20260928,evaluation,pop,sigmoid,237,94,61,25,0.25738396624472576,0.17140016681796458,-0.08598379942676117,0.17769737271882502,0.5376671101869535
20260928,evaluation,ambient,sigmoid,237,94,52,28,0.21940928270042195,0.21600876625881224,-0.0034005164416096743,0.15007067214451278,0.4536386982894291
20260928,evaluation,rock,sigmoid,237,94,38,24,0.16033755274261605,0.13778087343471127,-0.022556679307904746,0.09776405484872693,0.3474401651999109
20260928,evaluation,electronic,temperature,237,94,79,35,0.3333333333333333,0.3492111121750539,0.015877778841720556,0.14455062898948695,0.45736323537604034
20260928,evaluation,pop,temperature,237,94,61,25,0.25738396624472576,0.18000740556716235,-0.0773765606775634,0.1768715416548948,0.5357526037830096
20260928,evaluation,ambient,temperature,237,94,52,28,0.21940928270042195,0.37106836126830556,0.15165907856788355,0.18137411013569632,0.5382010029825587
20260928,evaluation,rock,temperature,237,94,38,24,0.16033755274261605,0.15392422188505725,-0.006413330857558778,0.09897900314056857,0.3505462431358607
20260929,calibration,electronic,identity,248,94,89,41,0.3588709677419355,0.37478902153184557,0.015918053789910038,0.1542257661718512,0.4716441221466758
20260929,calibration,pop,identity,248,94,52,24,0.20967741935483872,0.20989509178073593,0.00021767242589721116,0.1372921860830974,0.4363685070978766
20260929,calibration,ambient,identity,248,94,51,23,0.2056451612903226,0.3709700244819046,0.16532486319158202,0.1597590428019695,0.4898802695318917
20260929,calibration,rock,identity,248,94,44,21,0.1774193548387097,0.15441895713676612,-0.023000397701943558,0.10590706412647863,0.331695662123494
20260929,calibration,electronic,sigmoid,248,94,89,41,0.3588709677419355,0.3588709668271251,-9.148103869409531e-10,0.15398982857038251,0.47029198424076013
20260929,calibration,pop,sigmoid,248,94,52,24,0.20967741935483872,0.20967741920478464,-1.500540623655319e-10,0.13740494414406906,0.43620464262879344
20260929,calibration,ambient,sigmoid,248,94,51,23,0.2056451612903226,0.20564516568845095,4.398128385678872e-09,0.12641190767270746,0.39841184070462693
20260929,calibration,rock,sigmoid,248,94,44,21,0.1774193548387097,0.17741935742169704,2.5829873258197446e-09,0.10439720807698484,0.3276225909190407
20260929,calibration,electronic,temperature,248,94,89,41,0.3588709677419355,0.36944718291984446,0.010576215177908996,0.15401082697217927,0.4706875717793347
20260929,calibration,pop,temperature,248,94,52,24,0.20967741935483872,0.2131129358084019,0.0034355164535631822,0.13734492345207994,0.4363008746816457
20260929,calibration,ambient,temperature,248,94,51,23,0.2056451612903226,0.36952293379752804,0.16387777250720545,0.15970332274266819,0.4898255232990942
20260929,calibration,rock,temperature,248,94,44,21,0.1774193548387097,0.1589598189404437,-0.018459535898265968,0.10553289731621683,0.33149604373182995
20260929,evaluation,electronic,identity,231,94,78,36,0.33766233766233766,0.3221055726465527,-0.015556765015785004,0.14738352564716686,0.4544707991160832
20260929,evaluation,pop,identity,231,94,52,24,0.22510822510822512,0.2222700435272376,-0.0028381815809875107,0.17972058326877854,0.5461245768256215
20260929,evaluation,ambient,identity,231,94,49,23,0.21212121212121213,0.3594708938491972,0.14734968172798515,0.18497811876551445,0.5464181933641452
20260929,evaluation,rock,identity,231,94,34,21,0.1471861471861472,0.19786113499962477,0.05067498781347758,0.07701226744318863,0.26793228121448026
20260929,evaluation,electronic,sigmoid,231,94,78,36,0.33766233766233766,0.304956794934436,-0.03270554272790168,0.14854018185529347,0.4564572419318808
20260929,evaluation,pop,sigmoid,231,94,52,24,0.22510822510822512,0.22160362440259757,-0.003504600705627532,0.17805754510643904,0.5402339578874996
20260929,evaluation,ambient,sigmoid,231,94,49,23,0.21212121212121213,0.1966271163466991,-0.015494095774512998,0.14792964921624724,0.46668430520064796
20260929,evaluation,rock,sigmoid,231,94,34,21,0.1471861471861472,0.22722039742242392,0.08003425023627675,0.08234459889338061,0.282583131677727
20260929,evaluation,electronic,temperature,231,94,78,36,0.33766233766233766,0.3140560585576331,-0.02360627910470455,0.14754871713010034,0.4546075082348167
20260929,evaluation,pop,temperature,231,94,52,24,0.22510822510822512,0.22519854021583163,9.031510760647594e-05,0.1791686669668392,0.5435079725084923
20260929,evaluation,ambient,temperature,231,94,49,23,0.21212121212121213,0.35828734170481447,0.1461661295836024,0.18539699235297463,0.5479578784697811
20260929,evaluation,rock,temperature,231,94,34,21,0.1471861471861472,0.2021622468572062,0.054976099671059035,0.07763614432790006,0.2712328859148228
20260930,calibration,electronic,identity,231,94,74,38,0.3203463203463203,0.34418079578953664,0.023834475443216277,0.1031599485275939,0.33857891523135025
20260930,calibration,pop,identity,231,94,51,25,0.22077922077922077,0.23415450313783248,0.013375282358611696,0.13020565786729907,0.4210914097341192
20260930,calibration,ambient,identity,231,94,37,21,0.16017316017316016,0.34437233232456776,0.1841991721514076,0.156175911927038,0.48110117988849554
20260930,calibration,rock,identity,231,94,43,23,0.18614718614718614,0.1939339211031674,0.0077867349559812464,0.08217294249122284,0.2789056226561193
20260930,calibration,electronic,sigmoid,231,94,74,38,0.3203463203463203,0.32034632351623,3.169909706537449e-09,0.10076010860639081,0.3214035240574928
20260930,calibration,pop,sigmoid,231,94,51,25,0.22077922077922077,0.22077922062647384,-1.5274690987763825e-10,0.12951990837228985,0.4201100181830038
20260930,calibration,ambient,sigmoid,231,94,37,21,0.16017316017316016,0.1601731628026342,2.629473964203647e-09,0.11498732834744363,0.36534517490328083
20260930,calibration,rock,sigmoid,231,94,43,23,0.18614718614718614,0.18614718662322444,4.760382958435043e-10,0.08176763030245884,0.2757501085648228
20260930,calibration,electronic,temperature,231,94,74,38,0.3203463203463203,0.3241205150718039,0.003774194725483545,0.10096400345097982,0.3214812468229894
20260930,calibration,pop,temperature,231,94,51,25,0.22077922077922077,0.223037636287792,0.002258415508571192,0.12949856954404285,0.4201452112644665
20260930,calibration,ambient,temperature,231,94,37,21,0.16017316017316016,0.3344552759344241,0.1742821157612639,0.1553987900959632,0.4796386539721502
20260930,calibration,rock,temperature,231,94,43,23,0.18614718614718614,0.18098287285815465,-0.005164313289031513,0.08173664127395203,0.2759742090762598
20260930,evaluation,electronic,identity,246,94,85,35,0.34552845528455284,0.35891156981101324,0.013383114526460333,0.17044905117465842,0.5225829292259343
20260930,evaluation,pop,identity,246,94,49,23,0.1991869918699187,0.22867893290477967,0.02949194103486096,0.15245011007457634,0.4666692951776781
20260930,evaluation,ambient,identity,246,94,58,25,0.23577235772357724,0.3999884211686025,0.16421606344502526,0.19662239363847997,0.5681740029927617
20260930,evaluation,rock,identity,246,94,39,23,0.15853658536585366,0.1518381785197528,-0.006698406846100873,0.09424807811351307,0.321697904265709
20260930,evaluation,electronic,sigmoid,246,94,85,35,0.34552845528455284,0.3342501391604102,-0.011278316124142629,0.1736192056513602,0.5536197229731193
20260930,evaluation,pop,sigmoid,246,94,49,23,0.1991869918699187,0.21473742556919537,0.015550433699276703,0.15258667003457957,0.467702304987785
20260930,evaluation,ambient,sigmoid,246,94,58,25,0.23577235772357724,0.18886786810863426,-0.046904489614942944,0.16202763661517988,0.48857252319554606
20260930,evaluation,rock,sigmoid,246,94,39,23,0.15853658536585366,0.1389085329976314,-0.019628052368222255,0.09476810772408595,0.3287967630492867
20260930,evaluation,electronic,temperature,246,94,85,35,0.34552845528455284,0.3393176027569715,-0.006210852527581307,0.1738325238386144,0.5541654439781658
20260930,evaluation,pop,temperature,246,94,49,23,0.1991869918699187,0.2170291156532711,0.01784212378335242,0.1530676509342389,0.468764913096492
20260930,evaluation,ambient,temperature,246,94,58,25,0.23577235772357724,0.3952946684454761,0.1595223107218988,0.19906850695435815,0.5750807341684282
20260930,evaluation,rock,temperature,246,94,39,23,0.15853658536585366,0.13523211029313173,-0.023304475072721948,0.09475771252342785,0.3287618223200949
