outer_seed,method,fraction,label,artists,attempted,successful,bound_hits,tracks_median,tracks_min,tracks_max,delta_brier_median,delta_brier_p10,delta_brier_p90,delta_brier_min,delta_brier_max,delta_brier_improved_count,delta_log_loss_median,delta_log_loss_p10,delta_log_loss_p90,delta_log_loss_min,delta_log_loss_max,delta_log_loss_improved_count
20260926,sigmoid,0.25,macro,24,30,30,0,52.5,38,84,-0.003243709426818238,-0.006890692607924507,0.005242461223945792,-0.00859079187464265,0.008006012184382388,22,-0.0012987717405569948,-0.016982683451530485,0.02548438599526916,-0.019926892718475142,0.5106162234104479,17
20260926,sigmoid,0.25,electronic,24,30,30,0,52.5,38,84,0.003910274721469945,0.00025638307085564264,0.012315410681475358,-0.0005500152689032756,0.03271732851434023,3,0.012609365922490456,0.0004580446343349589,0.05534904171478411,-0.0013172620889382869,0.25076474947550886,3
20260926,sigmoid,0.25,pop,24,30,30,0,52.5,38,84,0.006100167633222631,-0.0008593082383748865,0.018851313061626285,-0.0026186164651815502,0.05510989030788058,6,0.018052973494095237,-0.002003202950001803,0.1124729681916959,-0.005016137003884424,0.1720320782438705,6
20260926,sigmoid,0.25,ambient,24,30,30,0,52.5,38,84,-0.032717364001436516,-0.04056894766499325,-0.01673938558540981,-0.04523619236217141,-0.005833463294498076,30,-0.08813136115363115,-0.10963862003185364,-0.040395929944084766,-0.12258410457018293,0.008710208547096254,29
20260926,sigmoid,0.25,rock,24,30,30,0,52.5,38,84,0.004988438395547884,-0.0001474044795605588,0.016869606662282103,-0.0013593892731777468,0.03225177480154316,4,0.023340667650438324,0.0008328680019980167,0.0643178031865983,-0.003358451621876979,2.10942984931118,3
20260926,sigmoid,0.5,macro,47,30,30,0,110.5,93,140,-0.005648015027911705,-0.008253569284763505,-0.00256164729690534,-0.009542292535709776,0.0016635396625314762,29,-0.012637389232639358,-0.02177188365709899,-0.004684929734997468,-0.02437498251929565,0.014604304187652642,28
20260926,sigmoid,0.5,electronic,47,30,30,0,110.5,93,140,0.0020337178295932595,-0.00011877963870215716,0.0081360373523806,-0.00036273078047324714,0.012592171212196995,5,0.004144844670375153,-0.0004527217447690911,0.027729411496847035,-0.0018812194452350606,0.060489556743064,4
20260926,sigmoid,0.5,pop,47,30,30,0,110.5,93,140,0.005147679934492333,-0.0011016541308041556,0.009271213402624956,-0.002728112674030808,0.011074296839530734,5,0.01345965951729372,-0.0029242196594022603,0.030338229464692217,-0.006636874298880269,0.0640764140933821,6
20260926,sigmoid,0.5,ambient,47,30,30,0,110.5,93,140,-0.035527078857172434,-0.04209594886206722,-0.02568239373571444,-0.04442945071636134,-0.018090494623751147,30,-0.09478162767185688,-0.11456114428325255,-0.07014900915348815,-0.1211247603858081,-0.04951067174647583,30
20260926,sigmoid,0.5,rock,47,30,30,0,110.5,93,140,0.0038413440953622424,0.00038362759582760025,0.010796571196067055,-0.0011400337912668285,0.015173825883557965,3,0.01476937401224121,0.005184413817783924,0.03182344152450557,-0.002320731162506584,0.07881786063008228,1
20260926,sigmoid,0.75,macro,71,30,30,0,175.5,153,193,-0.007038461624963984,-0.008514109339692941,-0.005589570329116548,-0.009182267315319556,-0.0024163956886548606,30,-0.018019900837225322,-0.022436095652759492,-0.01361172401545389,-0.02473515238031107,-0.0058661059158574,30
20260926,sigmoid,0.75,electronic,71,30,30,0,175.5,153,193,0.00034225219152253517,-0.00033534477292863907,0.0022585430337586517,-0.0006829387696624112,0.005048085915744183,9,7.640783302031995e-05,-0.001706256691644492,0.007526876117053794,-0.0021076646453204173,0.020085666776011757,14
20260926,sigmoid,0.75,pop,71,30,30,0,175.5,153,193,0.003644507238019762,0.0016188354057150689,0.007196879253179007,0.00042014953613481176,0.015470070381594786,0,0.009111299172783527,0.0030243717036621378,0.027010644342761472,-0.0006845810867267543,0.05124038690405991,1
20260926,sigmoid,0.75,ambient,71,30,30,0,175.5,153,193,-0.03638298927338185,-0.041396624789312476,-0.03098568111907765,-0.04330930694756932,-0.024162946236497007,30,-0.09946779173852807,-0.11227663728830206,-0.08521762509678907,-0.11805231134756344,-0.06680621762450872,30
20260926,sigmoid,0.75,rock,71,30,30,0,175.5,153,193,0.0029306620289693275,2.3271028394501754e-05,0.005162330742701134,-0.0007253809138367262,0.012741219293065306,3,0.010644755676297218,0.004808879505710928,0.018651120470710835,0.0009216791232777299,0.03528287961153448,0
20260926,sigmoid,1.0,macro,94,1,1,0,232.0,232,232,-0.0075478293167273655,-0.0075478293167273655,-0.0075478293167273655,-0.0075478293167273655,-0.0075478293167273655,1,-0.020150788421255297,-0.020150788421255297,-0.020150788421255297,-0.020150788421255297,-0.020150788421255297,1
20260926,sigmoid,1.0,electronic,94,1,1,0,232.0,232,232,7.390508501403659e-06,7.390508501403659e-06,7.390508501403659e-06,7.390508501403659e-06,7.390508501403659e-06,0,-0.000490497529193723,-0.000490497529193723,-0.000490497529193723,-0.000490497529193723,-0.000490497529193723,1
20260926,sigmoid,1.0,pop,94,1,1,0,232.0,232,232,0.003690812033743135,0.003690812033743135,0.003690812033743135,0.003690812033743135,0.003690812033743135,0,0.009625662733965534,0.009625662733965534,0.009625662733965534,0.009625662733965534,0.009625662733965534,0
20260926,sigmoid,1.0,ambient,94,1,1,0,232.0,232,232,-0.03635920004399473,-0.03635920004399473,-0.03635920004399473,-0.03635920004399473,-0.03635920004399473,1,-0.09912814308536039,-0.09912814308536039,-0.09912814308536039,-0.09912814308536039,-0.09912814308536039,1
20260926,sigmoid,1.0,rock,94,1,1,0,232.0,232,232,0.002469680234840732,0.002469680234840732,0.002469680234840732,0.002469680234840732,0.002469680234840732,0,0.009389824195567387,0.009389824195567387,0.009389824195567387,0.009389824195567387,0.009389824195567387,0
20260926,temperature,0.25,macro,24,30,30,0,52.5,38,84,0.0016218016029462563,0.00024407514730928303,0.005323439156989998,0.00020521197302187863,0.012952291048167947,0,0.009609140601055985,0.002736861057870921,0.037255155646439574,1.0793642825648875e-05,0.5288061939044485,0
20260926,temperature,0.25,electronic,24,30,30,0,52.5,38,84,0.0004482972145749692,-0.0005559447718153476,0.006678213638816947,-0.0005838591720098152,0.03307850301396503,12,0.003180645937018084,-0.0008717915530538411,0.029775305095146035,-0.0013496766870915167,0.2496907192740302,8
20260926,temperature,0.25,pop,24,30,30,0,52.5,38,84,0.0008581242506385534,-0.0008081252104826575,0.009686971616724048,-0.0008597698860398073,0.020936003277004567,11,0.004119942431003554,-0.003371385873564958,0.06133464444507381,-0.0036423278325248276,0.1726140093803356,11
20260926,temperature,0.25,ambient,24,30,30,0,52.5,38,84,0.00023505066482998327,-0.0017973936445979581,0.004148310244243188,-0.0019204879851851264,0.008041792921443663,12,0.0014326450767444543,-0.011087885658023166,0.027973571226636292,-0.011843872077505035,0.05982870459181233,12
20260926,temperature,0.25,rock,24,30,30,0,52.5,38,84,0.0004127511598471037,-0.000384541884515871,0.007333980421222896,-0.0004988659438960041,0.03312050903659096,13,0.0060816526988945185,-0.0002191816217729403,0.0418764697589301,-0.00030213366868830915,2.1129715445159487,5
20260926,temperature,0.5,macro,47,30,30,0,110.5,93,140,0.0006537108847442016,-0.00013633523971100372,0.0019585291199450084,-0.0004742351554955643,0.003193495162847771,4,0.0055765598198805055,0.0008280421576717672,0.013313969636239585,-0.000729628923693923,0.01860073379101873,2
20260926,temperature,0.5,electronic,47,30,30,0,110.5,93,140,-2.8812948299539176e-05,-0.0005736226082800166,0.002008686115210998,-0.0006062257605253807,0.007336732760107378,15,0.0007290852186810914,-0.001057678586488947,0.007494557120908548,-0.001319538328941272,0.03331603209397682,12
20260926,temperature,0.5,pop,47,30,30,0,110.5,93,140,0.000794682813022779,-0.0007087760853079799,0.004132581238581752,-0.0008620182136846732,0.010099660384714798,10,0.0038036743353719593,-0.0030881844018996905,0.02229396574871286,-0.003644299395033246,0.06397729758300547,10
20260926,temperature,0.5,ambient,47,30,30,0,110.5,93,140,0.0001501033711934635,-0.0009560345191583302,0.002887207543312634,-0.0014573004642318976,0.004514218326433478,13,0.0009127548582656964,-0.005669207121128749,0.01883844672117784,-0.008587734448884499,0.030716580144281358,13
20260926,temperature,0.5,rock,47,30,30,0,110.5,93,140,4.006360563122563e-05,-0.00045800062250687804,0.0010659699498438019,-0.0005063656797911764,0.008209058766247432,13,0.003980532005147391,7.467666652598016e-05,0.013168587843736812,-0.00018776923572677573,0.053593660728102344,2
20260926,temperature,0.75,macro,71,30,30,0,175.5,153,193,0.00016763778368125877,-0.00024008424577909301,0.0008826871138690813,-0.0004519319705643503,0.0025071044888834333,10,0.0016969009116992242,0.00014542298023151887,0.005235121484344108,-0.001139395820077757,0.015290534274006173,3
20260926,temperature,0.75,electronic,71,30,30,0,175.5,153,193,0.00013883268472802968,-0.0005582099704982413,0.0015226235488783855,-0.0006067366641277494,0.0021453988788433243,14,0.0004397990696831666,-0.0012779350827514246,0.005514748500691781,-0.0013484999989977209,0.008064415618371623,14
20260926,temperature,0.75,pop,71,30,30,0,175.5,153,193,0.0007056503624916916,-0.0004526975983060038,0.002603915204937121,-0.0006163719535998979,0.008081169409524469,9,0.0033648564805851267,-0.0020200863434712665,0.01336415381644693,-0.002712872745360251,0.048625755827139294,9
20260926,temperature,0.75,ambient,71,30,30,0,175.5,153,193,4.3528049804536506e-05,-0.0007027279851759854,0.001120265533527301,-0.0011517057779971973,0.00214152403060644,14,0.0002640696573784074,-0.004187687224195246,0.006980805029205417,-0.006807475889476278,0.013703675616328348,14
20260926,temperature,0.75,rock,71,30,30,0,175.5,153,193,-0.00043593609299030084,-0.0005006609948732005,-0.00011186006918233583,-0.0005060921798390045,0.00014969553419356962,28,0.0011269096883538554,-0.0002537803435389008,0.005617636366242208,-0.0003101163745328206,0.007552327867406228,6
20260926,temperature,1.0,macro,94,1,1,0,232.0,232,232,0.00021104748821371838,0.00021104748821371838,0.00021104748821371838,0.00021104748821371838,0.00021104748821371838,0,0.0019099321822421272,0.0019099321822421272,0.0019099321822421272,0.0019099321822421272,0.0019099321822421272,0
20260926,temperature,1.0,electronic,94,1,1,0,232.0,232,232,6.785174113477233e-05,6.785174113477233e-05,6.785174113477233e-05,6.785174113477233e-05,6.785174113477233e-05,0,0.00021211331192377836,0.00021211331192377836,0.00021211331192377836,0.00021211331192377836,0.00021211331192377836,0
20260926,temperature,1.0,pop,94,1,1,0,232.0,232,232,0.0010093679053617133,0.0010093679053617133,0.0010093679053617133,0.0010093679053617133,0.0010093679053617133,0,0.004876824321824791,0.004876824321824791,0.004876824321824791,0.004876824321824791,0.004876824321824791,0
20260926,temperature,1.0,ambient,94,1,1,0,232.0,232,232,0.00027346154766833,0.00027346154766833,0.00027346154766833,0.00027346154766833,0.00027346154766833,0,0.0016675956499285771,0.0016675956499285771,0.0016675956499285771,0.0016675956499285771,0.0016675956499285771,0
20260926,temperature,1.0,rock,94,1,1,0,232.0,232,232,-0.000506491241309942,-0.000506491241309942,-0.000506491241309942,-0.000506491241309942,-0.000506491241309942,1,0.0008831954452913626,0.0008831954452913626,0.0008831954452913626,0.0008831954452913626,0.0008831954452913626,0
20260927,sigmoid,0.25,macro,24,30,30,0,60.0,48,82,0.011294617416745837,0.004851357312683953,0.025189110403294933,0.0017125017761217068,0.034069189205890166,0,0.036038646358023535,0.015468922763603869,0.08658016939711712,0.004711381690286079,0.8883198716093731,0
20260927,sigmoid,0.25,electronic,24,30,30,0,60.0,48,82,0.005623461749030903,-4.072446059946644e-06,0.025912119665178698,-0.0003346052625360918,0.06713596117633278,3,0.018113754943648308,-0.00023906736122598617,0.09421602101514356,-0.0012336344444386915,0.2982618138559815,4
20260927,sigmoid,0.25,pop,24,30,30,0,60.0,48,82,0.012689166045219788,0.00048030668309151115,0.036226148907020604,-0.0012970586883142565,0.06466656140117313,3,0.037926188435373875,0.0018663017121951016,0.09127127371911549,-0.002146715609680938,0.44248066463580915,2
20260927,sigmoid,0.25,ambient,24,30,30,0,60.0,48,82,0.003276828937989848,-0.005039610534842848,0.02359311006992729,-0.006133975431447947,0.05792445469872959,13,0.005284903348664077,-0.015049771058406764,0.06828948630181747,-0.018068853766528836,0.26056517999595286,13
20260927,sigmoid,0.25,rock,24,30,30,0,60.0,48,82,0.012994992414935881,0.0013898327629636032,0.04443677431060958,-0.0022602625598765053,0.04942298023539103,3,0.0443799101463494,0.0009818792367015843,0.14957597182457502,-0.010573370219553013,2.8024128951575484,3
20260927,sigmoid,0.5,macro,47,30,30,0,118.0,104,137,0.005462025036573335,0.0024558825499849846,0.011987990050758702,-3.185702323161774e-05,0.01692024897729266,1,0.015046953937907906,0.005890262552464084,0.030182993352513603,-0.0015218329623137156,0.047720633191443665,1
20260927,sigmoid,0.5,electronic,47,30,30,0,118.0,104,137,0.0031257847032419017,-3.8534782604340674e-05,0.009267658849101799,-0.0006825718394093683,0.020704437139444837,3,0.01055087276227007,-0.0003238210675585383,0.037591494805088936,-0.001889839472207222,0.06962973733289146,4
20260927,sigmoid,0.5,pop,47,30,30,0,118.0,104,137,0.007679862735155363,0.00037636265953108235,0.019744050621787752,-0.001058312581609211,0.035608505234816484,3,0.01905308575710929,0.002374424681479359,0.04706267096348903,-0.0013807566646609204,0.08487515698658032,2
20260927,sigmoid,0.5,ambient,47,30,30,0,118.0,104,137,0.001327317275088849,-0.005768023404966055,0.012725316317871977,-0.006309776566885278,0.032057678827947855,13,-0.0018778820635314275,-0.017904560448515454,0.027457374184946825,-0.018736293019989025,0.0856080661229317,16
20260927,sigmoid,0.5,rock,47,30,30,0,118.0,104,137,0.007465281723155838,0.004429482191056217,0.015662642627324797,0.00018104969736804088,0.026831648570720998,0,0.020742430559544833,0.007636766034833781,0.043223039514029254,-0.0019275946063184723,0.10186548518857913,1
20260927,sigmoid,0.75,macro,71,30,30,0,184.5,164,202,0.004173604556307156,0.0019459986981795426,0.0066212191641333955,0.0009597124059215929,0.008577468095699665,0,0.00854332071116378,0.00318588598812382,0.0182144313302114,0.0012376502799849448,0.022055270231600074,0
20260927,sigmoid,0.75,electronic,71,30,30,0,184.5,164,202,0.0013415404071299847,0.00011143524368632532,0.003462039213799051,-0.000543036424724197,0.006937254595376086,2,0.003632274228681398,6.59952297248357e-05,0.010779389581730272,-0.0016421038999224757,0.029093832130510755,3
20260927,sigmoid,0.75,pop,71,30,30,0,184.5,164,202,0.004978240393138031,0.0010221050153834566,0.010276918013140762,8.224515894134088e-05,0.014741925283799306,0,0.013894600944048513,0.0028003672155723414,0.02395389973972204,0.0017493212166266314,0.03522116942655529,0
20260927,sigmoid,0.75,ambient,71,30,30,0,184.5,164,202,0.0003604723972989443,-0.004798017344863217,0.010343972536064967,-0.005662150200810151,0.018907108472016154,14,-0.0045307967084277645,-0.0157830600867194,0.020495408171057352,-0.017829869772961082,0.04114638280433064,21
20260927,sigmoid,0.75,rock,71,30,30,0,184.5,164,202,0.007704183011327741,0.0034045710738407954,0.011788601827544761,0.0015771589151671317,0.02051659105583735,0,0.017052142132960052,0.005088032590764014,0.029006386430145956,-0.0005625047166618047,0.07671453453868632,1
20260927,sigmoid,1.0,macro,94,1,1,0,244.0,244,244,0.0031339057270125988,0.0031339057270125988,0.0031339057270125988,0.0031339057270125988,0.0031339057270125988,0,0.0056921254541000554,0.0056921254541000554,0.0056921254541000554,0.0056921254541000554,0.0056921254541000554,0
20260927,sigmoid,1.0,electronic,94,1,1,0,244.0,244,244,0.00034483984125208145,0.00034483984125208145,0.00034483984125208145,0.00034483984125208145,0.00034483984125208145,0,0.001086238652342919,0.001086238652342919,0.001086238652342919,0.001086238652342919,0.001086238652342919,0
20260927,sigmoid,1.0,pop,94,1,1,0,244.0,244,244,0.004199793142029784,0.004199793142029784,0.004199793142029784,0.004199793142029784,0.004199793142029784,0,0.0100901579578494,0.0100901579578494,0.0100901579578494,0.0100901579578494,0.0100901579578494,0
20260927,sigmoid,1.0,ambient,94,1,1,0,244.0,244,244,-0.00027127939376239696,-0.00027127939376239696,-0.00027127939376239696,-0.00027127939376239696,-0.00027127939376239696,1,-0.006134152167391604,-0.006134152167391604,-0.006134152167391604,-0.006134152167391604,-0.006134152167391604,1
20260927,sigmoid,1.0,rock,94,1,1,0,244.0,244,244,0.008262269318530926,0.008262269318530926,0.008262269318530926,0.008262269318530926,0.008262269318530926,0,0.017726257373599508,0.017726257373599508,0.017726257373599508,0.017726257373599508,0.017726257373599508,0
20260927,temperature,0.25,macro,24,30,30,0,60.0,48,82,0.0036712384747234848,0.000728794301412826,0.007480250928414781,0.000460998974954524,0.013895452937605551,0,0.01370438301467286,0.0022683121977101527,0.04123232439431818,3.516868730388256e-05,0.243746126363365,0
20260927,temperature,0.25,electronic,24,30,30,0,60.0,48,82,0.00125767875368675,6.550324715576542e-05,0.0070428988010757575,-7.818791735433872e-05,0.013313153390045934,2,0.00470242914423924,0.0005146270784505526,0.036651322316695455,-0.0001315006243842176,0.0840616302522047,1
20260927,temperature,0.25,pop,24,30,30,0,60.0,48,82,0.006435242733558347,0.0002070992541607531,0.022520253939880747,-2.0340597580714714e-06,0.029493554400077643,1,0.028756152683823588,0.0006167476964384247,0.06582513124545723,-1.3612581354793818e-05,0.2130729720319794,1
20260927,temperature,0.25,ambient,24,30,30,0,60.0,48,82,-0.0003561561841826377,-0.0005928284968725467,0.0018061501448884659,-0.000600417851615298,0.002321784332451754,19,-0.0015199356305985179,-0.0025787173260988948,0.0079705846811997,-0.0026130931343419928,0.011784909008574651,19
20260927,temperature,0.25,rock,24,30,30,0,60.0,48,82,0.00243466041760073,-3.09832177454436e-05,0.012590820019562292,-7.258786542320428e-05,0.025970804116193014,5,0.005327512551760921,-0.0028617032828042455,0.09835747076732748,-0.003529293843103576,0.9605641965028326,9
20260927,temperature,0.5,macro,47,30,30,0,118.0,104,137,0.0016574483760888135,0.00026917841062983446,0.0035472010106548067,-9.00006177376976e-05,0.004791783509810042,1,0.005060833055395321,0.0011491379114909803,0.012779520547012707,-0.000724078872090958,0.014694247922078532,1
20260927,temperature,0.5,electronic,47,30,30,0,118.0,104,137,0.0010685443884329293,-0.00013422716993638782,0.004700800559884836,-0.0001696555140979772,0.008654814768233599,6,0.003899899978633714,-0.0001388392554888429,0.02215821873014067,-0.0002550236034601361,0.047424519392242015,4
20260927,temperature,0.5,pop,47,30,30,0,118.0,104,137,0.003769193664832013,9.094419512656604e-05,0.009431204575145048,-9.8161215207615e-06,0.017944566895994774,1,0.013891431397440063,0.00021198570191152124,0.029218573056054263,-8.814648795180124e-05,0.051720298356339844,1
20260927,temperature,0.5,ambient,47,30,30,0,118.0,104,137,-0.0004161875628398287,-0.000598540111143675,9.432856807778681e-06,-0.0006001267823920742,0.00037039277479092303,27,-0.0017418126005570855,-0.002603459878370085,0.00022240651466058563,-0.0026113466620423798,0.0016933919819714927,26
20260927,temperature,0.5,rock,47,30,30,0,118.0,104,137,0.0005698939185772856,-2.629371370622829e-05,0.0032834286841423787,-7.221739217015688e-05,0.007272656124578072,6,0.0002527193125450855,-0.003313654317392728,0.009657517114060252,-0.0034620329470707034,0.035865873853409225,14
20260927,temperature,0.75,macro,71,30,30,0,184.5,164,202,0.000850274574342131,0.00019025393627022667,0.0016422352194358917,-7.470825648888887e-05,0.001986447725595083,3,0.002050452725379917,-0.00048070114155900474,0.0046739968801553,-0.0012353953427563097,0.0067741902494458245,4
20260927,temperature,0.75,electronic,71,30,30,0,184.5,164,202,0.00084020362135305,0.00019761902553879773,0.0028664546266265857,-9.811426131536849e-05,0.003965192841697857,1,0.0029610147864702063,0.0005863697628996578,0.01225648752074794,-0.00021499937478391962,0.01803614492702077,1
20260927,temperature,0.75,pop,71,30,30,0,184.5,164,202,0.0025251072185352302,6.15476534884363e-05,0.0035324448732283803,5.501388899625814e-06,0.005006706547112105,0,0.008536014763045358,0.00011159124698542636,0.011774253842627437,3.487925839662509e-05,0.016348694189654678,0
20260927,temperature,0.75,ambient,71,30,30,0,184.5,164,202,-0.0004476514527110287,-0.0005987315976633434,1.1024600587997156e-05,-0.0006004214857223134,0.0004689442001488131,26,-0.0019228287735809646,-0.0026056367388688495,0.0001616321503955861,-0.002613096928097469,0.0019209498154982851,25
20260927,temperature,0.75,rock,71,30,30,0,184.5,164,202,0.0002190903627184923,-7.146334189999242e-05,0.0015807964690761442,-7.365292731795203e-05,0.004996640164475388,8,-0.002854052486694847,-0.00349842639164939,-0.0002862153343181516,-0.003531660476311982,0.018149032507466023,28
20260927,temperature,1.0,macro,94,1,1,0,244.0,244,244,0.00048414702170827134,0.00048414702170827134,0.00048414702170827134,0.00048414702170827134,0.00048414702170827134,0,0.0003312164938324702,0.0003312164938324702,0.0003312164938324702,0.0003312164938324702,0.0003312164938324702,0
20260927,temperature,1.0,electronic,94,1,1,0,244.0,244,244,0.0007803005341496527,0.0007803005341496527,0.0007803005341496527,0.0007803005341496527,0.0007803005341496527,0,0.0027212460627141777,0.0027212460627141777,0.0027212460627141777,0.0027212460627141777,0.0027212460627141777,0
20260927,temperature,1.0,pop,94,1,1,0,244.0,244,244,0.0012075297455648448,0.0012075297455648448,0.0012075297455648448,0.0012075297455648448,0.0012075297455648448,0,0.004120285530514689,0.004120285530514689,0.004120285530514689,0.004120285530514689,0.004120285530514689,0
20260927,temperature,1.0,ambient,94,1,1,0,244.0,244,244,-0.000488940855856379,-0.000488940855856379,-0.000488940855856379,-0.000488940855856379,-0.000488940855856379,1,-0.0021069325026347174,-0.0021069325026347174,-0.0021069325026347174,-0.0021069325026347174,-0.0021069325026347174,1
20260927,temperature,1.0,rock,94,1,1,0,244.0,244,244,0.00043769866297496685,0.00043769866297496685,0.00043769866297496685,0.00043769866297496685,0.00043769866297496685,0,-0.0034097331152642685,-0.0034097331152642685,-0.0034097331152642685,-0.0034097331152642685,-0.0034097331152642685,1
20260928,sigmoid,0.25,macro,24,30,30,0,61.5,50,72,-0.0001108517274970855,-0.004895608213198876,0.007771672386775149,-0.005723274353457746,0.01301559076927921,16,0.015257783523345454,-0.006080572760604198,0.07863900094003078,-0.009311302839664595,0.4886665047766725,5
20260928,sigmoid,0.25,electronic,24,30,30,0,61.5,50,72,0.009208607749465206,-0.0009280566465936751,0.021153969651978417,-0.0013771296018666723,0.03410814564380374,6,0.029893979192545994,0.008625532619615095,0.05946364740839647,0.005253905390657121,0.1036891632926118,0
20260928,sigmoid,0.25,pop,24,30,30,0,61.5,50,72,0.014251001745860206,-0.0021302091494372344,0.033828571952487084,-0.00227958479719223,0.04851760128108806,7,0.05897672134409304,-0.0057993000825680594,0.25819249734799876,-0.007178560802164613,0.6025125529041491,7
20260928,sigmoid,0.25,ambient,24,30,30,0,61.5,50,72,-0.027532031027413126,-0.03214536464366312,-0.013782040613585704,-0.03341698370288462,0.002074959990206099,29,-0.0743202583787318,-0.08791753710558825,-0.007352119966485904,-0.09036172661788017,0.16729392448296265,28
20260928,sigmoid,0.25,rock,24,30,30,0,61.5,50,72,0.0020176651852040622,-0.0009145025727078218,0.010937402716739295,-0.0014861756172539209,0.01671341144166126,8,0.029726097901628307,0.0020518749080804593,0.13579246195121653,-0.004138250926983,1.5856012465039029,2
20260928,sigmoid,0.5,macro,47,30,30,0,119.5,101,137,-0.004198794286572037,-0.007195222826925862,-0.0006271959405355022,-0.008274988095416099,0.0051201619143409795,27,-0.006898624991978013,-0.01624387019483197,0.02666268788368261,-0.019038571774976656,0.1311440194078805,17
20260928,sigmoid,0.5,electronic,47,30,30,0,119.5,101,137,0.0034607990641655068,0.0006101755118902764,0.010811207312346513,-0.0017272739946700144,0.013051045201292522,1,0.00955362529120235,0.004667874904101649,0.025840322722923244,0.0021166068024341955,0.04276713669134585,0
20260928,sigmoid,0.5,pop,47,30,30,0,119.5,101,137,0.004366479308447663,-0.00293692458956262,0.021507458695798454,-0.0034643045447301235,0.0461122856574806,7,0.016106922009118563,-0.009173440764887252,0.1107342546372881,-0.009569526442563592,0.5364536872252417,7
20260928,sigmoid,0.5,ambient,47,30,30,0,119.5,101,137,-0.029750319740567202,-0.032782430013644004,-0.02321490039011556,-0.03351188145987341,-0.0209305599278444,30,-0.08184835707366064,-0.08929855040320671,-0.059695744720059236,-0.09032874686952491,-0.05228558733304589,30
20260928,sigmoid,0.5,rock,47,30,30,0,119.5,101,137,0.00015289158053347074,-0.0011463491437864876,0.0027325278403406155,-0.0015091888648105928,0.005195864893888402,14,0.016267903189164268,-0.0004688856704096577,0.04615317852758354,-0.0031443858673770864,0.18938303989395938,4
20260928,sigmoid,0.75,macro,71,30,30,0,178.5,166,192,-0.005733216260198796,-0.007085159857526645,-0.003173976739758476,-0.008073669144668644,-0.0023122105524560344,30,-0.010846346773540357,-0.017174389084104732,7.149331062438779e-05,-0.01851580736380269,0.005733160473432794,27
20260928,sigmoid,0.75,electronic,71,30,30,0,178.5,166,192,0.00277219064034695,0.0011962135453393115,0.0058387120437672175,-0.001564443519327302,0.011619842357172727,1,0.005673052138821383,0.0024643101602771058,0.01337153595028381,0.00125923938706346,0.0236257475649731,0
20260928,sigmoid,0.75,pop,71,30,30,0,178.5,166,192,0.005280366565376421,0.0012002301065422549,0.0134969246069484,-0.00044358833411747844,0.017161369494768486,1,0.02054095147291285,0.0031148438655193567,0.06215091552395031,-0.0015924664330390081,0.08125206155014042,1
20260928,sigmoid,0.75,ambient,71,30,30,0,178.5,166,192,-0.03146903790485468,-0.03255293811126123,-0.03016322063156125,-0.03328912329078135,-0.02988623557340822,30,-0.08643353254746511,-0.08868923958629582,-0.08323295524410688,-0.09028254698701865,-0.08186151628315685,30
20260928,sigmoid,0.75,rock,71,30,30,0,178.5,166,192,-0.0009036553925818314,-0.0013460518729370402,0.0002731469390924822,-0.0015040415231573484,0.0004273386478330504,25,0.010359919557684921,0.0013424984819449429,0.02606426945472562,-0.0016947336745242736,0.04256562000787528,2
20260928,sigmoid,1.0,macro,94,1,1,0,238.0,238,238,-0.006473199542989392,-0.006473199542989392,-0.006473199542989392,-0.006473199542989392,-0.006473199542989392,1,-0.014177163343993354,-0.014177163343993354,-0.014177163343993354,-0.014177163343993354,-0.014177163343993354,1
20260928,sigmoid,1.0,electronic,94,1,1,0,238.0,238,238,0.0022653801400899787,0.0022653801400899787,0.0022653801400899787,0.0022653801400899787,0.0022653801400899787,0,0.0041715081296707646,0.0041715081296707646,0.0041715081296707646,0.0041715081296707646,0.0041715081296707646,0
20260928,sigmoid,1.0,pop,94,1,1,0,238.0,238,238,0.005378046849457668,0.005378046849457668,0.005378046849457668,0.005378046849457668,0.005378046849457668,0,0.02025195270998381,0.02025195270998381,0.02025195270998381,0.02025195270998381,0.02025195270998381,0
20260928,sigmoid,1.0,ambient,94,1,1,0,238.0,238,238,-0.03225856493397966,-0.03225856493397966,-0.03225856493397966,-0.03225856493397966,-0.03225856493397966,1,-0.08880796212578818,-0.08880796212578818,-0.08880796212578818,-0.08880796212578818,-0.08880796212578818,1
20260928,sigmoid,1.0,rock,94,1,1,0,238.0,238,238,-0.0012776602275255539,-0.0012776602275255539,-0.0012776602275255539,-0.0012776602275255539,-0.0012776602275255539,1,0.007675847910160183,0.007675847910160183,0.007675847910160183,0.007675847910160183,0.007675847910160183,0
20260928,temperature,0.25,macro,24,30,30,0,61.5,50,72,0.0039718442890396746,-0.0009112030770823429,0.01024406449177009,-0.001882627591780775,0.010913009510563797,5,0.025658189476961177,0.0065907531019918685,0.08058629926545328,-0.001521390767922598,0.16191423071377586,1
20260928,temperature,0.25,electronic,24,30,30,0,61.5,50,72,5.859721791194594e-05,-0.0017237707908068693,0.017811526738761015,-0.0018137820416429529,0.020483467054683374,14,0.006489337222544911,0.00011046720201671191,0.04880527869090653,-9.630120576509249e-05,0.090732348970324,1
20260928,temperature,0.25,pop,24,30,30,0,61.5,50,72,0.009651674414162675,-0.003336420443978044,0.030348594456413698,-0.003381177710959943,0.038769417952010166,12,0.04433391499150274,-0.0082110092356934,0.22530831201209645,-0.00882662950872004,0.36153642100400507,12
20260928,temperature,0.25,ambient,24,30,30,0,61.5,50,72,-0.0012274388779899975,-0.002184313943246835,0.008240548795870503,-0.0022486208310950606,0.029331305638598343,17,-0.005370036618922658,-0.00896570316397698,0.04743264770804483,-0.009093949051915518,0.2593845527541806,17
20260928,temperature,0.25,rock,24,30,30,0,61.5,50,72,0.0004458165084505056,-0.00015484393328099033,0.003508356081000077,-0.00017216748338086396,0.006384247924014874,9,0.016119131148554844,-0.0001342190954511157,0.13880026680005447,-0.0007911551643187131,0.33609233012641065,4
20260928,temperature,0.5,macro,47,30,30,0,119.5,101,137,0.0018438283113005587,-0.00021327358713011828,0.005033248967003842,-0.0015382549629228554,0.010725988238232217,5,0.010747815786382085,0.0008810284971259658,0.037946039696398814,-0.002984487443688205,0.11142599263336762,1
20260928,temperature,0.5,electronic,47,30,30,0,119.5,101,137,0.0017904841576278224,-0.0016351150867485952,0.005594883705384752,-0.0017810589843061941,0.009123290565087872,9,0.003547738903703107,-5.6578283715680194e-05,0.012712172020568136,-0.0003713109900488898,0.022259509916715048,4
20260928,temperature,0.5,pop,47,30,30,0,119.5,101,137,0.0038549641578211336,-0.002955985432445571,0.019560989956896632,-0.0033733835719078342,0.03990848164037572,8,0.015232377864594582,-0.008526788325356926,0.1121814423064739,-0.008692828688499077,0.385424205560142,8
20260928,temperature,0.5,ambient,47,30,30,0,119.5,101,137,-0.0011591536149015702,-0.0022117955178228453,0.0020336201040294386,-0.002248556689017911,0.00414905238431007,21,-0.005102741291015234,-0.009044939369249883,0.010025855799058651,-0.009085351393392838,0.02165814460709181,21
20260928,temperature,0.5,rock,47,30,30,0,119.5,101,137,6.916041070242906e-05,-0.0001637185286249218,0.0008474575308314468,-0.00017391096768540337,0.003279256154518795,13,0.014522822293858567,0.0004273311939752278,0.03837311082335495,-0.000682577455128619,0.1276603638415983,1
20260928,temperature,0.75,macro,71,30,30,0,178.5,166,192,0.0017853266156841897,0.00037350555771768393,0.004060115942664839,-0.0007520241491523229,0.0044596822356857205,2,0.01005122321638087,0.0025178549870553428,0.020655225516427976,0.0016441779515717486,0.02447878689450142,0
20260928,temperature,0.75,electronic,71,30,30,0,178.5,166,192,0.0023072415334324664,0.0004294867890434706,0.004836574822411336,-0.0016458575642774864,0.006723905040492667,2,0.0043306954421271915,0.0006646665025983822,0.010698253603024866,-0.0003599766452376252,0.01574845520043805,1
20260928,temperature,0.75,pop,71,30,30,0,178.5,166,192,0.004609215016364507,0.0005367759705208034,0.012612655972134847,-0.0007474890465671291,0.015539998730476234,3,0.018596776501344947,0.001918684312417275,0.061800518752794166,-0.002519613414592725,0.08130226990162637,3
20260928,temperature,0.75,ambient,71,30,30,0,178.5,166,192,-0.0010117089262756396,-0.001661467616814563,-0.00020305198973055415,-0.0021824198265021078,0.0006155092858846911,29,-0.004485749463864319,-0.007125506219355848,-0.0009301235409463805,-0.008967960029005795,0.002903135125224887,29
20260928,temperature,0.75,rock,71,30,30,0,178.5,166,192,-3.1404769407994415e-05,-0.00017442207692551227,0.0004340610362400438,-0.00017458117582609678,0.0008455087596388189,16,0.011915210081006877,0.0038785616729431205,0.026173310975686533,0.002317042345601983,0.038185974136369205,0
20260928,temperature,1.0,macro,94,1,1,0,238.0,238,238,0.0014558026102856267,0.0014558026102856267,0.0014558026102856267,0.0014558026102856267,0.0014558026102856267,0,0.007290321237796382,0.007290321237796382,0.007290321237796382,0.007290321237796382,0.007290321237796382,0
20260928,temperature,1.0,electronic,94,1,1,0,238.0,238,238,0.0022888335340950916,0.0022888335340950916,0.0022888335340950916,0.0022888335340950916,0.0022888335340950916,0,0.004287570231694182,0.004287570231694182,0.004287570231694182,0.004287570231694182,0.004287570231694182,0
20260928,temperature,1.0,pop,94,1,1,0,238.0,238,238,0.004552215785527447,0.004552215785527447,0.004552215785527447,0.004552215785527447,0.004552215785527447,0,0.01833744630603995,0.01833744630603995,0.01833744630603995,0.01833744630603995,0.01833744630603995,0
20260928,temperature,1.0,ambient,94,1,1,0,238.0,238,238,-0.0009551269427961195,-0.0009551269427961195,-0.0009551269427961195,-0.0009551269427961195,-0.0009551269427961195,1,-0.004245657432658589,-0.004245657432658589,-0.004245657432658589,-0.004245657432658589,-0.004245657432658589,1
20260928,temperature,1.0,rock,94,1,1,0,238.0,238,238,-6.271193568391231e-05,-6.271193568391231e-05,-6.271193568391231e-05,-6.271193568391231e-05,-6.271193568391231e-05,1,0.010781925846109985,0.010781925846109985,0.010781925846109985,0.010781925846109985,0.010781925846109985,0
20260929,sigmoid,0.25,macro,24,30,30,1,60.0,47,84,0.0013956554848287717,-0.005612313662210333,0.013734794527501072,-0.008414781876166812,0.01867565367714933,14,0.02581527888879414,-0.00926791137541777,0.06718151134641563,-0.014427604152417783,0.6010112408339794,8
20260929,sigmoid,0.25,electronic,24,30,30,0,60.0,47,84,0.007067322162422132,-0.0007408378850684515,0.024634888025407996,-0.0011341920577460363,0.06496696567452112,5,0.018994458775265594,-0.0005716477987979252,0.06976045004562308,-0.0013131372884894188,0.1566713067461603,4
20260929,sigmoid,0.25,pop,24,30,30,0,60.0,47,84,0.006112558011851038,-0.006806596229074871,0.03751703729994721,-0.011682546112210646,0.0529801350632835,9,0.020263772743799813,-0.021407669616478497,0.2108747978223706,-0.031595539673374695,0.5775943118148961,10
20260929,sigmoid,0.25,ambient,24,30,30,0,60.0,47,84,-0.029872266732568264,-0.037779769256864854,-0.015194006196489985,-0.03830933359763275,0.012934222975826637,29,-0.058434856115685496,-0.08772988375987573,0.01367858857458456,-0.08892743920378232,0.21598059646414236,26
20260929,sigmoid,0.25,rock,24,30,30,1,60.0,47,84,0.00893440845773718,-0.0006307907238751406,0.030435680797221913,-0.0027636688210595645,0.056898398650210166,5,0.032720898909228774,-0.007417546686644131,0.10595148023607222,-0.01605285000315526,1.8681405814057457,7
20260929,sigmoid,0.5,macro,47,30,30,0,126.5,104,150,-0.005820906317624891,-0.008013663766305698,-0.0014571265846745113,-0.009973944266217932,0.0009575919108542538,29,-0.006365335506174116,-0.016640513154944858,0.005263866317640933,-0.019673211837891183,0.02675285302758107,22
20260929,sigmoid,0.5,electronic,47,30,30,0,126.5,104,150,0.003612165907112025,-0.0006604035605587281,0.011576132175873333,-0.0014155013253362991,0.021344423221076825,6,0.008054369955027535,-0.0009380298340125825,0.03038782586124403,-0.0014452259306712567,0.05531666041264033,5
20260929,sigmoid,0.5,pop,47,30,30,0,126.5,104,150,-0.0004020348710694205,-0.00819944747611519,0.009919129240216517,-0.0111509196584956,0.02015669614314916,16,-0.0020700128294606213,-0.025514269288464432,0.05957828302329455,-0.03308437637859574,0.16833093385794218,15
20260929,sigmoid,0.5,ambient,47,30,30,0,126.5,104,150,-0.03588116720488081,-0.03770770685764802,-0.03159035593211482,-0.03816731861590336,-0.024220665994343082,30,-0.07670343185197034,-0.08449679295879889,-0.0508318196871157,-0.08907448814591418,-0.020968640547739836,30
20260929,sigmoid,0.5,rock,47,30,30,0,126.5,104,150,0.005089828249769099,7.461762350337439e-05,0.019257218275347758,-0.002334179776577225,0.03812139025949439,2,0.017486796047343683,-0.003938062108320583,0.061889907961303024,-0.01309449962292275,0.11036403303132608,7
20260929,sigmoid,0.75,macro,71,30,30,0,188.5,166,209,-0.006958645961660891,-0.009022465931105539,-0.005630417255816458,-0.009925250741557586,-0.002249987883092292,30,-0.013635061847756466,-0.019287136862634852,-0.009749958950890236,-0.02352220490909998,0.002985446037094913,29
20260929,sigmoid,0.75,electronic,71,30,30,0,188.5,166,209,0.001054838786880563,-0.0004164789450235212,0.00670221904772512,-0.0007130363337239931,0.008024436025037524,8,0.001743133050074952,-0.0005985230019723397,0.013944171006548387,-0.000881292548038981,0.024133888276091253,5
20260929,sigmoid,0.75,pop,71,30,30,0,188.5,166,209,-0.0005966401213911704,-0.005871697089528188,0.005172330661575442,-0.009616730032753928,0.008758406214328412,17,-0.00537583363555294,-0.021132316068514255,0.01920672318572923,-0.029181226493200096,0.042392853857321944,18
20260929,sigmoid,0.75,ambient,71,30,30,0,188.5,166,209,-0.0365165004856937,-0.037779395922019676,-0.03383816453304299,-0.03841449912387479,-0.02911087909280513,30,-0.07796515923364847,-0.0846460789451365,-0.06700198079437077,-0.08769708398760245,-0.054257098225627354,30
20260929,sigmoid,0.75,rock,71,30,30,0,188.5,166,209,0.006400461005665201,0.002058606331309378,0.011404837450711568,-0.0004534451021534769,0.016593824765032447,2,0.020036547272075683,0.0022383456707925093,0.034499595692660874,-0.0061900609318532585,0.04642197301192025,3
20260929,sigmoid,1.0,macro,94,1,1,0,248.0,248,248,-0.008055630013322036,-0.008055630013322036,-0.008055630013322036,-0.008055630013322036,-0.008055630013322036,1,-0.01724680345564371,-0.01724680345564371,-0.01724680345564371,-0.01724680345564371,-0.01724680345564371,1
20260929,sigmoid,1.0,electronic,94,1,1,0,248.0,248,248,0.0011566562081266052,0.0011566562081266052,0.0011566562081266052,0.0011566562081266052,0.0011566562081266052,0,0.001986442815797629,0.001986442815797629,0.001986442815797629,0.001986442815797629,0.001986442815797629,0
20260929,sigmoid,1.0,pop,94,1,1,0,248.0,248,248,-0.0016630381623395085,-0.0016630381623395085,-0.0016630381623395085,-0.0016630381623395085,-0.0016630381623395085,1,-0.005890618938121928,-0.005890618938121928,-0.005890618938121928,-0.005890618938121928,-0.005890618938121928,1
20260929,sigmoid,1.0,ambient,94,1,1,0,248.0,248,248,-0.037048469549267216,-0.037048469549267216,-0.037048469549267216,-0.037048469549267216,-0.037048469549267216,1,-0.07973388816349725,-0.07973388816349725,-0.07973388816349725,-0.07973388816349725,-0.07973388816349725,1
20260929,sigmoid,1.0,rock,94,1,1,0,248.0,248,248,0.005332331450191977,0.005332331450191977,0.005332331450191977,0.005332331450191977,0.005332331450191977,0,0.014650850463246712,0.014650850463246712,0.014650850463246712,0.014650850463246712,0.014650850463246712,0
20260929,temperature,0.25,macro,24,30,30,0,60.0,47,84,0.003965862439660579,0.00017475566010947708,0.006333828077211326,-0.0020856508060255845,0.0112475997495469,3,0.021791665245672165,0.00040824433220105084,0.04434846371379227,-0.009938833008250922,0.17244857670935876,3
20260929,temperature,0.25,electronic,24,30,30,0,60.0,47,84,0.0005733273497051661,9.987827365313396e-05,0.004858623572930531,3.848058914729391e-05,0.010135636288815891,0,0.0020533210787612444,0.00036876775147863804,0.018811050386087515,-0.00018760568087416996,0.06583472967968712,2
20260929,temperature,0.25,pop,24,30,30,0,60.0,47,84,0.004333308183872189,-0.005141628644907778,0.020797053823730788,-0.005565891151122215,0.03995477127101396,13,0.023375946429476713,-0.019580324774062605,0.1702682725543518,-0.021515826145327654,0.6133762110153052,13
20260929,temperature,0.25,ambient,24,30,30,0,60.0,47,84,0.0010454642491321553,-0.0026365369391904868,0.008449738396434361,-0.0029939418309193333,0.017973368637103443,13,0.003929592458558007,-0.007808342703620197,0.03817171566103088,-0.008578128916572725,0.09684406464719009,13
20260929,temperature,0.25,rock,24,30,30,0,60.0,47,84,0.002348311556151131,-0.0022494236837083763,0.016205517001615842,-0.00237898156552227,0.01927735350057784,10,0.011775566884164007,-0.015006028023200002,0.06868115922502864,-0.016408030791159822,0.08230544887964103,10
20260929,temperature,0.5,macro,47,30,30,0,126.5,104,150,0.0010795608368264296,-0.0004218687648683938,0.003056188188117032,-0.0010006206933405905,0.006002956813175864,6,0.004940369212647955,-0.001444736283223127,0.018914272972734795,-0.00537052943835617,0.04558770179987394,5
20260929,temperature,0.5,electronic,47,30,30,0,126.5,104,150,0.00022769097904819235,6.843240600662441e-06,0.002582012048325905,-7.310176586172723e-06,0.003875366697287219,3,0.0012417829026763194,-0.00011049196709596032,0.011381971136466959,-0.00020710755494024458,0.018828465882663237,6
20260929,temperature,0.5,pop,47,30,30,0,126.5,104,150,-0.0007768507681068376,-0.0054111674999919035,0.009023537558957826,-0.005533396793070966,0.021139342507469655,18,-0.0036586997475663297,-0.02121280096935214,0.05478271199163544,-0.02163658296344928,0.17462097627181639,18
20260929,temperature,0.5,ambient,47,30,30,0,126.5,104,150,0.0010418786844798994,-0.0017164316586992078,0.004604967577352036,-0.0025376736579040826,0.008371421564268788,9,0.003911266602942387,-0.005735561085498608,0.0190635494593202,-0.007952110642764354,0.037657048104414836,9
20260929,temperature,0.5,rock,47,30,30,0,126.5,104,150,0.0017482093495246667,-0.0020270945809725324,0.008024160820692839,-0.0024121515272996358,0.012181639524146498,11,0.00892075768730849,-0.012424850675907472,0.0360559907065273,-0.01635297574038941,0.0516852008508884,11
20260929,temperature,0.75,macro,71,30,30,0,188.5,166,209,0.00032839036220102917,-0.000383546871627468,0.0016540263309447886,-0.000797517306955476,0.0019771144146378088,14,0.0014033443671033624,-0.0018395385765151897,0.008047922351623747,-0.0034077594313672854,0.011557776552593171,14
20260929,temperature,0.75,electronic,71,30,30,0,188.5,166,209,0.00013512136128929209,1.6439558559916415e-05,0.0008034405608409095,-4.648336600521219e-06,0.0023826975170979647,1,0.0003299610489696514,-0.0002102151113193007,0.0026005424393752917,-0.00021310132741203525,0.010304090973691948,11
20260929,temperature,0.75,pop,71,30,30,0,188.5,166,209,-0.0013995364615684014,-0.003651434935834952,0.002830504187656442,-0.00394140216609376,0.008571882276083603,18,-0.006472429695819848,-0.01571277940140562,0.014704953907477277,-0.016780035202449528,0.05138136836599472,18
20260929,temperature,0.75,ambient,71,30,30,0,188.5,166,209,0.0003513557086180369,-0.0009582275864667894,0.0033498903557227077,-0.0017718268067269671,0.005522186014175701,13,0.0012911102346829795,-0.0033335229396882935,0.013440806901283492,-0.005903111787058712,0.023351399087786495,13
20260929,temperature,0.75,rock,71,30,30,0,188.5,166,209,0.0014744800832940524,-0.0010388487347169002,0.0033800487500154908,-0.002158779359879043,0.0037811102576727346,6,0.007592670752764902,-0.005909785607443806,0.01656660276291843,-0.013401026046964137,0.01836600326583321,6
20260929,temperature,1.0,macro,94,1,1,0,248.0,248,248,0.0001640064132914336,0.0001640064132914336,0.0001640064132914336,0.0001640064132914336,0.0001640064132914336,0,0.0005900986518956597,0.0005900986518956597,0.0005900986518956597,0.0005900986518956597,0.0005900986518956597,0
20260929,temperature,1.0,electronic,94,1,1,0,248.0,248,248,0.00016519148293347996,0.00016519148293347996,0.00016519148293347996,0.00016519148293347996,0.00016519148293347996,0,0.00013670911873353564,0.00013670911873353564,0.00013670911873353564,0.00013670911873353564,0.00013670911873353564,0
20260929,temperature,1.0,pop,94,1,1,0,248.0,248,248,-0.000551916301939348,-0.000551916301939348,-0.000551916301939348,-0.000551916301939348,-0.000551916301939348,1,-0.0026166043171292896,-0.0026166043171292896,-0.0026166043171292896,-0.0026166043171292896,-0.0026166043171292896,1
20260929,temperature,1.0,ambient,94,1,1,0,248.0,248,248,0.0004188735874601779,0.0004188735874601779,0.0004188735874601779,0.0004188735874601779,0.0004188735874601779,0,0.0015396851056358463,0.0015396851056358463,0.0015396851056358463,0.0015396851056358463,0.0015396851056358463,0
20260929,temperature,1.0,rock,94,1,1,0,248.0,248,248,0.0006238768847114246,0.0006238768847114246,0.0006238768847114246,0.0006238768847114246,0.0006238768847114246,0,0.0033006047003425465,0.0033006047003425465,0.0033006047003425465,0.0033006047003425465,0.0033006047003425465,0
20260930,sigmoid,0.25,macro,24,30,29,0,55.5,42,79,-0.00017741741900015665,-0.005916943490471254,0.006042520606481905,-0.009672258591460998,0.01868946742426004,15,0.030292644415410075,-0.003750557050299691,0.06286273504773097,-0.018071487528886487,0.3839071091453149,4
20260930,sigmoid,0.25,electronic,24,30,30,0,55.5,42,79,0.00793841342853946,0.0003133186412817903,0.02103523418259774,-0.000475660670167799,0.0532507746744835,3,0.05938600272776878,0.002976815760568364,0.15889589014397754,-0.0010692023985092725,1.3755433104302317,3
20260930,sigmoid,0.25,pop,24,30,30,0,55.5,42,79,0.00865153863219549,-0.002284701077282,0.028887918768151652,-0.005139412048940167,0.04629272034972337,7,0.028592451125171475,-0.000316823970832717,0.15630897468849017,-0.009586976125434521,0.1657723461200411,3
20260930,sigmoid,0.25,ambient,24,30,29,0,55.5,42,79,-0.027676231924293637,-0.036821284539131985,-0.010368268086546978,-0.03807424341604587,0.012499358274049216,28,-0.06288697653763842,-0.08648786673785443,0.027105754609860262,-0.08820882204597047,0.15996534607514246,22
20260930,sigmoid,0.25,rock,24,30,30,0,55.5,42,79,0.0025891769046255744,0.0006121546397990729,0.018278959995449533,0.0001929245597024204,0.02499066736227054,0,0.018364117539053232,0.0011089645395797989,0.13431802822827577,-3.1747931510950345e-06,0.625915247105263,1
20260930,sigmoid,0.5,macro,47,30,30,0,109.0,99,137,-0.005398603941779852,-0.007467432384829218,-0.0037803541005687244,-0.010088346149267985,0.0017591779528275259,29,-0.0004026445692512648,-0.00843150770479791,0.009657251342810917,-0.0202738329553563,0.02828661832445893,16
20260930,sigmoid,0.5,electronic,47,30,30,0,109.0,99,137,0.005237702230554031,0.0007753279091926469,0.00903576986100602,0.00023672782894121336,0.012893349426294387,0,0.041982785605685025,0.009939671025802265,0.07638939083070406,0.004959037814927902,0.13954909313714203,0
20260930,sigmoid,0.5,pop,47,30,30,0,109.0,99,137,0.0030046890376525526,-0.004315329131078824,0.014527888722965936,-0.005074309925307968,0.018343094232236207,9,0.009312673627531326,-0.00806950279032263,0.03848643037217703,-0.009525913786769813,0.06800170230034097,7
20260930,sigmoid,0.5,ambient,47,30,30,0,109.0,99,137,-0.033541557065294464,-0.03678635671919087,-0.02860418455594328,-0.03798538791174616,-0.014386111201257379,30,-0.07884013869929343,-0.08785887531110025,-0.05831181839763845,-0.0894892200591379,0.008237626101724627,29
20260930,sigmoid,0.5,rock,47,30,30,0,109.0,99,137,0.0019257874807628722,0.00042056272738080075,0.004834388079677338,0.00010362979551334361,0.006641437502372352,0,0.01115738121162832,0.002222659626989654,0.04513497663485688,-1.7914289644815895e-05,0.058453369054490445,1
20260930,sigmoid,0.75,macro,71,30,30,0,171.5,152,187,-0.0070308073645696315,-0.008621982790585386,-0.006004429725684814,-0.009548791490653848,-0.0030021874216470505,30,-0.007507770354348055,-0.013697569104445535,-0.0013485622581109196,-0.01826380937389538,0.007587314123832525,27
20260930,sigmoid,0.75,electronic,71,30,30,0,171.5,152,187,0.003510462507237952,0.002061523932363496,0.00677350843699183,0.0016599343927028998,0.007338685597982952,0,0.031540478083650125,0.019589774403732864,0.04679222383154728,0.01662326764584532,0.07243516041786202,0
20260930,sigmoid,0.75,pop,71,30,30,0,171.5,152,187,0.0009455588263316134,-0.0029668700843396706,0.00387464665203848,-0.0040338764717262054,0.008570181594913656,12,0.0031078228540988295,-0.005620871105574426,0.014769091148575057,-0.008141390707940677,0.028062504103145314,10
20260930,sigmoid,0.75,ambient,71,30,30,0,171.5,152,187,-0.034940952657212684,-0.03631845781888292,-0.030698574011057345,-0.03706868513150216,-0.023587527444975442,30,-0.08107432045225912,-0.08596125211049603,-0.06280158507997886,-0.08786414189505687,-0.04263020518044114,30
20260930,sigmoid,0.75,rock,71,30,30,0,171.5,152,187,0.000747090868093353,0.00010312227735824742,0.0017499471089344853,1.971392964740526e-05,0.0019867985273877425,0,0.005973253182228133,0.0013835636017110187,0.01918578088478713,0.0004074851095607346,0.02740427675596918,0
20260930,sigmoid,1.0,macro,94,1,1,0,231.0,231,231,-0.007692003244005555,-0.007692003244005555,-0.007692003244005555,-0.007692003244005555,-0.007692003244005555,1,-0.010108204364086493,-0.010108204364086493,-0.010108204364086493,-0.010108204364086493,-0.010108204364086493,1
20260930,sigmoid,1.0,electronic,94,1,1,0,231.0,231,231,0.0031701544767017698,0.0031701544767017698,0.0031701544767017698,0.0031701544767017698,0.0031701544767017698,0,0.031036793747185043,0.031036793747185043,0.031036793747185043,0.031036793747185043,0.031036793747185043,0
20260930,sigmoid,1.0,pop,94,1,1,0,231.0,231,231,0.00013655996000322412,0.00013655996000322412,0.00013655996000322412,0.00013655996000322412,0.00013655996000322412,0,0.0010330098101068996,0.0010330098101068996,0.0010330098101068996,0.0010330098101068996,0.0010330098101068996,0
20260930,sigmoid,1.0,ambient,94,1,1,0,231.0,231,231,-0.03459475702330009,-0.03459475702330009,-0.03459475702330009,-0.03459475702330009,-0.03459475702330009,1,-0.0796014797972156,-0.0796014797972156,-0.0796014797972156,-0.0796014797972156,-0.0796014797972156,1
20260930,sigmoid,1.0,rock,94,1,1,0,231.0,231,231,0.0005200296105728752,0.0005200296105728752,0.0005200296105728752,0.0005200296105728752,0.0005200296105728752,0,0.007098858783577688,0.007098858783577688,0.007098858783577688,0.007098858783577688,0.007098858783577688,0
20260930,temperature,0.25,macro,24,30,29,0,55.5,42,79,0.0035459031797035467,0.00039083535093475816,0.00786972897083486,5.799560663290876e-06,0.012211582238222302,0,0.029201192099346893,0.00707460800493546,0.0708540759897034,0.004398207074375354,0.2357152407546592,0
20260930,temperature,0.25,electronic,24,30,30,0,55.5,42,79,0.004976052740635659,0.00022631174781440893,0.010894799813776234,1.8917633379245125e-06,0.03951049002263837,0,0.04650937411199707,0.0016807308504845687,0.11121944147751242,-0.0010223899984915796,0.8132901624303945,1
20260930,temperature,0.25,pop,24,30,30,0,55.5,42,79,0.0021004750404106376,-0.0001435417447476106,0.011204192224246208,-0.00022204487574536969,0.01874500495273501,5,0.009604071510991935,-5.7534518733909344e-05,0.07744479767233298,-0.00029418647897522243,0.17585410725977624,4
20260930,temperature,0.25,ambient,24,30,29,0,55.5,42,79,0.0024140408227282806,-0.0025801811315747216,0.013726572688705373,-0.0027875296121580295,0.028144531733368422,11,0.006808342777147036,-0.004771876956308874,0.05210359120162536,-0.00480595650315907,0.1343163471773129,10
20260930,temperature,0.25,rock,24,30,30,0,55.5,42,79,0.000855204578840002,5.8886844866243296e-05,0.005339100973652148,-5.1945669982539355e-06,0.008899640674691414,2,0.008085918017339266,-0.00020749146576466422,0.09280632988325392,-0.00047026274802436374,0.20775920658077673,4
20260930,temperature,0.5,macro,47,30,30,0,109.0,99,137,0.0023649194445122847,0.0004272360941711877,0.003882313923035811,-0.0004826842740890229,0.004537656036396453,3,0.017539344488541164,0.006912904661451756,0.027671414314429668,0.00032557167250663044,0.04294005175070363,0
20260930,temperature,0.5,electronic,47,30,30,0,109.0,99,137,0.0038425206032956932,0.001024469962162647,0.006689751211151817,0.00047843893060162124,0.012488803283570604,0,0.03578924693051877,0.01064980116520926,0.06350020425388822,0.005624621291671739,0.13066929233802527,0
20260930,temperature,0.5,pop,47,30,30,0,109.0,99,137,0.00042064379215178693,-0.000213088116291002,0.005643842144108275,-0.00022255338994697782,0.006752914815158634,10,0.0030233788522382177,-0.00026744315683669974,0.03008540776133898,-0.0003019667089656508,0.038070449423697195,7
20260930,temperature,0.5,ambient,47,30,30,0,109.0,99,137,0.002289710871483469,-0.0019443137747154613,0.007673275946671725,-0.002675741836979023,0.012180757632721362,10,0.006431226613790919,-0.004159080447793118,0.025161363914192787,-0.004765855073802894,0.04389360236123685,10
20260930,temperature,0.5,rock,47,30,30,0,109.0,99,137,0.00043106645034971663,4.732002845754535e-06,0.002508729605074788,-4.790512168464933e-06,0.003802231531947739,2,0.005245357526243888,0.00013456404462811045,0.0356865205043261,-0.0003605508623054088,0.058841513384666144,2
20260930,temperature,0.75,macro,71,30,30,0,171.5,152,187,0.0016047337010474012,0.0008724619416818343,0.003021367490094064,0.0004928025836079403,0.003594962239189557,0,0.011607228160987831,0.007325316969036965,0.019257719292669857,0.005132988398938429,0.023500687751301486,0
20260930,temperature,0.75,electronic,71,30,30,0,171.5,152,187,0.0031351640579226903,0.002013865824384606,0.004608841334005244,0.0017118471969861937,0.007281104830889423,0,0.029336690329340942,0.019371081963901172,0.04296446513680077,0.01671759038812959,0.06959063133396648,0
20260930,temperature,0.75,pop,71,30,30,0,171.5,152,187,0.0002761206679631756,-0.00017311708258427037,0.002105745799387012,-0.00022083968578551216,0.006409926953579254,12,0.000844753945893173,-0.00028457153386335365,0.008883351524992854,-0.0003133042095155858,0.03552969453292942,10
20260930,temperature,0.75,ambient,71,30,30,0,171.5,152,187,0.0021065154688234417,0.00019079612273872632,0.0058573556183187415,-0.0007617794246188025,0.0075886022724559465,3,0.0058744311503325375,0.0004921788701961365,0.018328951264800265,-0.0018401624241287662,0.024783022215932093,3
20260930,temperature,0.75,rock,71,30,30,0,171.5,152,187,0.00029997017124466785,2.3299142999247404e-05,0.0013485156381060558,-3.7004908134269376e-06,0.0020211857275170553,1,0.004394461715482856,0.0005301225525706721,0.01816251851794203,-0.00014592956538350688,0.02795963065299889,1
20260930,temperature,1.0,macro,94,1,1,0,231.0,231,231,0.0017391903123528743,0.0017391903123528743,0.0017391903123528743,0.0017391903123528743,0.0017391903123528743,0,0.011912195475274459,0.011912195475274459,0.011912195475274459,0.011912195475274459,0.011912195475274459,0
20260930,temperature,1.0,electronic,94,1,1,0,231.0,231,231,0.003383472663955972,0.003383472663955972,0.003383472663955972,0.003383472663955972,0.003383472663955972,0,0.031582514752231505,0.031582514752231505,0.031582514752231505,0.031582514752231505,0.031582514752231505,0
20260930,temperature,1.0,pop,94,1,1,0,231.0,231,231,0.0006175408596625631,0.0006175408596625631,0.0006175408596625631,0.0006175408596625631,0.0006175408596625631,0,0.002095617918813908,0.002095617918813908,0.002095617918813908,0.002095617918813908,0.002095617918813908,0
20260930,temperature,1.0,ambient,94,1,1,0,231.0,231,231,0.0024461133158781845,0.0024461133158781845,0.0024461133158781845,0.0024461133158781845,0.0024461133158781845,0,0.006906731175666536,0.006906731175666536,0.006906731175666536,0.006906731175666536,0.006906731175666536,0
20260930,temperature,1.0,rock,94,1,1,0,231.0,231,231,0.0005096344099147776,0.0005096344099147776,0.0005096344099147776,0.0005096344099147776,0.0005096344099147776,0,0.007063918054385887,0.007063918054385887,0.007063918054385887,0.007063918054385887,0.007063918054385887,0
