method,label,positive_fraction,mean_score,brier,log_loss,ap,ece_5,ece_10
identity,electronic,0.3786008230452675,0.3997577106226266,0.1653190019559865,0.49689031106433457,0.7334783423429185,0.06493816576440443,0.06671031164905476
identity,pop,0.20164609053497942,0.21324306930377512,0.15089127292242438,0.4684227567062551,0.3591747986132896,0.028892149147324277,0.030591316998776014
identity,ambient,0.24691358024691357,0.322491769848825,0.14251734263716173,0.44042658209479646,0.6061688127638543,0.0755781896019114,0.0755781896019114
identity,rock,0.18930041152263374,0.18125783653171393,0.0854307139037226,0.2873849306146356,0.7782381201871449,0.057004553961044445,0.06263071175314855
sigmoid,electronic,0.3786008230452675,0.3706820488732082,0.1656638417972386,0.4979765497166775,0.7334783423429185,0.03295688557863157,0.03921963553032535
sigmoid,pop,0.20164609053497942,0.2640311937602786,0.15509106606445416,0.4785129146641045,0.3591747986132896,0.06368880034067781,0.06614583920739575
sigmoid,ambient,0.24691358024691357,0.19795984805629807,0.14224606324339933,0.43429242992740485,0.6061688127638543,0.04895373219061551,0.06121969105785487
sigmoid,rock,0.18930041152263374,0.13333901765618672,0.09369298322225353,0.3051111879882351,0.7782381201871449,0.05596139386644703,0.06484105687953835
temperature,electronic,0.3786008230452675,0.3950718816904666,0.16609930249013616,0.49961155712704874,0.7334783423429185,0.038923559711014785,0.0465909891821006
temperature,pop,0.20164609053497942,0.2486357140639423,0.15209880266798922,0.4725430422367698,0.3591747986132896,0.04698962352896289,0.04878569043698765
temperature,ambient,0.24691358024691357,0.3155754834708354,0.14202840178130535,0.43831964959216174,0.6061688127638543,0.06866190322392175,0.07265316191350378
temperature,rock,0.18930041152263374,0.1607911698144606,0.08586841256669757,0.28397519749937133,0.7782381201871449,0.04108889112783664,0.06456175182196822
