seed,model,weighting,label,prior_offset,intercept_shift,sigmoid_slope,sigmoid_intercept,conservative_lambda,minimum_lambda,fallback_reason
2026092800,maest,ambient_balanced,electronic,0.0,-0.284485489620305,1.0042047645241194,-0.28302161051062075,0.0,0.0,
2026092800,maest,ambient_balanced,pop,0.0,-0.014346910258852425,1.3946758623365991,0.3883862630852523,0.0,0.0,
2026092800,maest,ambient_balanced,ambient,-1.3949374572759106,-1.1902909453414552,1.0933692295882935,-1.2104933659774544,0.5,1.0,
2026092800,maest,ambient_balanced,rock,0.0,0.46236053350531386,0.9057653077437786,0.309173980239693,0.0,1.0,
2026092800,maest,unweighted,electronic,0.0,-0.284485489620305,1.0042047645241194,-0.28302161051062075,0.0,0.0,
2026092800,maest,unweighted,pop,0.0,-0.014346910258852425,1.3946758623365991,0.3883862630852523,0.0,0.0,
2026092800,maest,unweighted,ambient,0.0,-0.04643253398448992,1.244715252688596,0.18738229974414733,0.0,0.0,
2026092800,maest,unweighted,rock,0.0,0.46236053350531386,0.9057653077437786,0.309173980239693,0.0,1.0,
2026092800,mert_v0,ambient_balanced,electronic,0.0,-0.3162495312503642,1.1608480705304889,-0.24617802902057057,0.0,0.0,
2026092800,mert_v0,ambient_balanced,pop,0.0,-0.01181549698233944,2.0452416161528504,1.1480121387837803,0.25,0.75,
2026092800,mert_v0,ambient_balanced,ambient,-1.3949374572759106,-1.2844999187200457,1.045348875900724,-1.2907388014610683,0.5,1.0,
2026092800,mert_v0,ambient_balanced,rock,0.0,0.3530866630663427,0.8960001595939898,0.18694870084621693,0.0,0.25,
2026092800,mert_v0,unweighted,electronic,0.0,-0.3162495312503642,1.1608480705304889,-0.24617802902057057,0.0,0.0,
2026092800,mert_v0,unweighted,pop,0.0,-0.01181549698233944,2.0452416161528504,1.1480121387837803,0.25,0.75,
2026092800,mert_v0,unweighted,ambient,0.0,-0.043281268613750735,1.1737080692850042,0.15231388062223272,0.0,0.0,
2026092800,mert_v0,unweighted,rock,0.0,0.3530866630663427,0.8960001595939898,0.18694870084621693,0.0,0.25,
2026092800,mert_v1,ambient_balanced,electronic,0.0,-0.29823541592156977,1.3839550113586214,-0.13957051828523415,0.0,0.25,
2026092800,mert_v1,ambient_balanced,pop,0.0,-0.009393401938750622,1.6298888641353961,0.703195266042038,0.0,0.75,
2026092800,mert_v1,ambient_balanced,ambient,-1.3949374572759106,-1.2892186826743053,1.1039864503149444,-1.304474697758764,0.5,1.0,
2026092800,mert_v1,ambient_balanced,rock,0.0,0.3313984219136273,0.8383287717019217,0.07635139575748369,0.0,0.0,
2026092800,mert_v1,unweighted,electronic,0.0,-0.29823541592156977,1.3839550113586214,-0.13957051828523415,0.0,0.25,
2026092800,mert_v1,unweighted,pop,0.0,-0.009393401938750622,1.6298888641353961,0.703195266042038,0.0,0.75,
2026092800,mert_v1,unweighted,ambient,0.0,-0.03854410761999699,1.2966437722011104,0.2949977305884768,0.0,0.0,
2026092800,mert_v1,unweighted,rock,0.0,0.3313984219136273,0.8383287717019217,0.07635139575748369,0.0,0.0,
2026092801,maest,ambient_balanced,electronic,0.0,0.05553736143848372,1.1546872686584937,0.11869381952753257,0.0,0.0,
2026092801,maest,ambient_balanced,pop,0.0,0.20087418203191137,0.872448075066075,0.05054764623056281,0.0,0.0,
2026092801,maest,ambient_balanced,ambient,-1.3252584705335215,-1.4541781950888035,0.5398243482190414,-1.4090430770618727,0.5,1.0,
2026092801,maest,ambient_balanced,rock,0.0,0.0024341665205824766,1.0995189850880511,0.13006084291294484,0.0,0.0,
2026092801,maest,unweighted,electronic,0.0,0.05553736143848372,1.1546872686584937,0.11869381952753257,0.0,0.0,
2026092801,maest,unweighted,pop,0.0,0.20087418203191137,0.872448075066075,0.05054764623056281,0.0,0.0,
2026092801,maest,unweighted,ambient,0.0,-0.38671572469258875,0.601564792069725,-0.7834109417550897,0.0,0.75,
2026092801,maest,unweighted,rock,0.0,0.0024341665205824766,1.0995189850880511,0.13006084291294484,0.0,0.0,
2026092801,mert_v0,ambient_balanced,electronic,0.0,-0.026841905510707736,1.4246889525849071,0.13937730650189353,0.0,0.0,
2026092801,mert_v0,ambient_balanced,pop,0.0,0.17560943858443415,1.4952068982673583,0.7695295326115037,0.0,0.0,
2026092801,mert_v0,ambient_balanced,ambient,-1.3252584705335215,-1.5799648045690564,0.635058218054631,-1.5447210680591843,0.5,1.0,
2026092801,mert_v0,ambient_balanced,rock,0.0,-0.11863959685738192,1.6129972207814467,0.6177046418000063,0.0,0.25,
2026092801,mert_v0,unweighted,electronic,0.0,-0.026841905510707736,1.4246889525849071,0.13937730650189353,0.0,0.0,
2026092801,mert_v0,unweighted,pop,0.0,0.17560943858443415,1.4952068982673583,0.7695295326115037,0.0,0.0,
2026092801,mert_v0,unweighted,ambient,0.0,-0.3808022148658682,0.733808343439399,-0.6799569304823422,0.0,0.5,
2026092801,mert_v0,unweighted,rock,0.0,-0.11863959685738192,1.6129972207814467,0.6177046418000063,0.0,0.25,
2026092801,mert_v1,ambient_balanced,electronic,0.0,-0.08132076827333883,1.4807657959420026,0.0731431526164892,0.0,0.5,
2026092801,mert_v1,ambient_balanced,pop,0.0,0.15174073455386747,1.166980664795339,0.3504491901474395,0.0,0.0,
2026092801,mert_v1,ambient_balanced,ambient,-1.3252584705335215,-1.5614010477972355,0.7422737873030187,-1.5387929843815058,0.5,1.0,
2026092801,mert_v1,ambient_balanced,rock,0.0,-0.12663564791206589,1.4867871438808549,0.4668884253839602,0.0,0.0,
2026092801,mert_v1,unweighted,electronic,0.0,-0.08132076827333883,1.4807657959420026,0.0731431526164892,0.0,0.5,
2026092801,mert_v1,unweighted,pop,0.0,0.15174073455386747,1.166980664795339,0.3504491901474395,0.0,0.0,
2026092801,mert_v1,unweighted,ambient,0.0,-0.34921677770116843,0.8522420922090579,-0.519230694634481,0.0,0.25,
2026092801,mert_v1,unweighted,rock,0.0,-0.12663564791206589,1.4867871438808549,0.4668884253839602,0.0,0.0,
2026092802,maest,ambient_balanced,electronic,0.0,0.0981564920834772,1.0241935592790512,0.1098080496915494,0.0,0.0,
2026092802,maest,ambient_balanced,pop,0.0,0.25583379014360097,0.7520529067546825,-0.05176654767403882,0.0,0.0,
2026092802,maest,ambient_balanced,ambient,-1.4218853062225933,-0.9661012186915525,0.6441109006321343,-1.02244732889298,0.25,0.75,
2026092802,maest,ambient_balanced,rock,0.0,-0.12106053732737708,1.2511883143079732,0.17110229805227828,0.0,0.0,
2026092802,maest,unweighted,electronic,0.0,0.0981564920834772,1.0241935592790512,0.1098080496915494,0.0,0.0,
2026092802,maest,unweighted,pop,0.0,0.25583379014360097,0.7520529067546825,-0.05176654767403882,0.0,0.0,
2026092802,maest,unweighted,ambient,0.0,0.1710236564207199,0.7550659877843051,-0.14892967973721677,0.0,0.0,
2026092802,maest,unweighted,rock,0.0,-0.12106053732737708,1.2511883143079732,0.17110229805227828,0.0,0.0,
2026092802,mert_v0,ambient_balanced,electronic,0.0,0.0015901424314334021,1.1908806105965746,0.10084931850792789,0.0,0.0,
2026092802,mert_v0,ambient_balanced,pop,0.0,0.14570329433497917,0.9472936433476707,0.08304253845167249,0.0,0.0,
2026092802,mert_v0,ambient_balanced,ambient,-1.4218853062225933,-1.1368493199256327,0.6698330255830715,-1.1598813165435915,0.25,0.75,
2026092802,mert_v0,ambient_balanced,rock,0.0,-0.10757474920453283,1.8747184235968837,0.9139923311351604,0.25,0.75,
2026092802,mert_v0,unweighted,electronic,0.0,0.0015901424314334021,1.1908806105965746,0.10084931850792789,0.0,0.0,
2026092802,mert_v0,unweighted,pop,0.0,0.14570329433497917,0.9472936433476707,0.08304253845167249,0.0,0.0,
2026092802,mert_v0,unweighted,ambient,0.0,0.12680567041757476,0.7455479662101153,-0.21734521113966568,0.0,0.0,
2026092802,mert_v0,unweighted,rock,0.0,-0.10757474920453283,1.8747184235968837,0.9139923311351604,0.25,0.75,
2026092802,mert_v1,ambient_balanced,electronic,0.0,0.0039610315013670575,1.402527004024754,0.2075834612629013,0.0,0.5,
2026092802,mert_v1,ambient_balanced,pop,0.0,0.15008054964463655,0.8999969947972237,0.030774962169577407,0.0,0.0,
2026092802,mert_v1,ambient_balanced,ambient,-1.4218853062225933,-1.155269367283486,0.7133804757229641,-1.1705354034947713,0.25,0.75,
2026092802,mert_v1,ambient_balanced,rock,0.0,-0.10630023049441217,1.9415279106015038,1.037833876730943,0.25,1.0,
2026092802,mert_v1,unweighted,electronic,0.0,0.0039610315013670575,1.402527004024754,0.2075834612629013,0.0,0.5,
2026092802,mert_v1,unweighted,pop,0.0,0.15008054964463655,0.8999969947972237,0.030774962169577407,0.0,0.0,
2026092802,mert_v1,unweighted,ambient,0.0,0.11904435578539542,0.7891474893717748,-0.16538406814313727,0.0,0.0,
2026092802,mert_v1,unweighted,rock,0.0,-0.10630023049441217,1.9415279106015038,1.037833876730943,0.25,1.0,
2026092803,maest,ambient_balanced,electronic,0.0,-0.046236642917703005,0.8752519344239482,-0.09067358331673965,0.0,0.0,
2026092803,maest,ambient_balanced,pop,0.0,0.2824401487710222,0.3538495452285472,-0.6461744592970894,0.0,0.5,
2026092803,maest,ambient_balanced,ambient,-1.2934006142271943,-1.1703167977088031,0.7217545533025977,-1.1706453752760948,0.25,1.0,
2026092803,maest,ambient_balanced,rock,0.0,0.03414780780006403,0.8358517081951408,-0.1667112454481355,0.0,0.0,
2026092803,maest,unweighted,electronic,0.0,-0.046236642917703005,0.8752519344239482,-0.09067358331673965,0.0,0.0,
2026092803,maest,unweighted,pop,0.0,0.2824401487710222,0.3538495452285472,-0.6461744592970894,0.0,0.5,
2026092803,maest,unweighted,ambient,0.0,-0.12238090306700115,0.8188353142651473,-0.31512238347496585,0.0,0.0,
2026092803,maest,unweighted,rock,0.0,0.03414780780006403,0.8358517081951408,-0.1667112454481355,0.0,0.0,
2026092803,mert_v0,ambient_balanced,electronic,0.0,-0.08111463838661197,1.1592564387529292,-0.012501517734964369,0.0,0.0,
2026092803,mert_v0,ambient_balanced,pop,0.0,0.1147759094783096,0.3289982811295096,-0.7727363034956101,0.0,0.0,
2026092803,mert_v0,ambient_balanced,ambient,-1.2934006142271943,-1.2908165958721465,1.2857281295868468,-1.3041833823528886,0.5,1.0,
2026092803,mert_v0,ambient_balanced,rock,0.0,-0.03072247446065033,1.1106346667831604,0.1064376372732432,0.0,0.0,
2026092803,mert_v0,unweighted,electronic,0.0,-0.08111463838661197,1.1592564387529292,-0.012501517734964369,0.0,0.0,
2026092803,mert_v0,unweighted,pop,0.0,0.1147759094783096,0.3289982811295096,-0.7727363034956101,0.0,0.0,
2026092803,mert_v0,unweighted,ambient,0.0,-0.1410443523599198,1.4003444777708343,0.3109691666900642,0.0,0.25,
2026092803,mert_v0,unweighted,rock,0.0,-0.03072247446065033,1.1106346667831604,0.1064376372732432,0.0,0.0,
2026092803,mert_v1,ambient_balanced,electronic,0.0,-0.07176357132614561,1.2974569578883755,0.04760482507798521,0.0,0.0,
2026092803,mert_v1,ambient_balanced,pop,0.0,0.08606822374028632,0.4862851124465509,-0.5691051528228152,0.0,0.0,
2026092803,mert_v1,ambient_balanced,ambient,-1.2934006142271943,-1.3105094408610654,1.2126517791142277,-1.3218982987041294,0.5,1.0,
2026092803,mert_v1,ambient_balanced,rock,0.0,-0.018649476259402994,1.2744879917028258,0.3244689144751218,0.0,0.5,
2026092803,mert_v1,unweighted,electronic,0.0,-0.07176357132614561,1.2974569578883755,0.04760482507798521,0.0,0.0,
2026092803,mert_v1,unweighted,pop,0.0,0.08606822374028632,0.4862851124465509,-0.5691051528228152,0.0,0.0,
2026092803,mert_v1,unweighted,ambient,0.0,-0.1519746843333216,1.300991161023501,0.19026549751112276,0.0,0.0,
2026092803,mert_v1,unweighted,rock,0.0,-0.018649476259402994,1.2744879917028258,0.3244689144751218,0.0,0.5,
2026092804,maest,ambient_balanced,electronic,0.0,0.19978670628176598,1.0396446303972866,0.22240025691248624,0.0,0.0,
2026092804,maest,ambient_balanced,pop,0.0,-0.007826673958148444,0.6326155109815559,-0.384650429343428,0.0,0.25,
2026092804,maest,ambient_balanced,ambient,-1.3637825879476737,-1.0677203485957167,0.9071453798664046,-1.0718525965678851,0.25,1.0,
2026092804,maest,ambient_balanced,rock,0.0,-0.23614536234991315,0.8375763485971519,-0.4056475708349501,0.0,0.0,
2026092804,maest,unweighted,electronic,0.0,0.19978670628176598,1.0396446303972866,0.22240025691248624,0.0,0.0,
2026092804,maest,unweighted,pop,0.0,-0.007826673958148444,0.6326155109815559,-0.384650429343428,0.0,0.25,
2026092804,maest,unweighted,ambient,0.0,0.05133148324440188,1.032921055204395,0.09031499761756695,0.0,0.0,
2026092804,maest,unweighted,rock,0.0,-0.23614536234991315,0.8375763485971519,-0.4056475708349501,0.0,0.0,
2026092804,mert_v0,ambient_balanced,electronic,0.0,0.1851447709285544,1.2026216869954325,0.3183388831673562,0.0,0.25,
2026092804,mert_v0,ambient_balanced,pop,0.0,0.05228009705120311,0.7674992822323848,-0.21897260066421492,0.0,0.0,
2026092804,mert_v0,ambient_balanced,ambient,-1.3637825879476737,-1.220668286166625,1.098496634445501,-1.2209952990641926,0.5,1.0,
2026092804,mert_v0,ambient_balanced,rock,0.0,-0.16027554556571333,1.2097712445019553,0.09946800470463832,0.0,0.0,
2026092804,mert_v0,unweighted,electronic,0.0,0.1851447709285544,1.2026216869954325,0.3183388831673562,0.0,0.25,
2026092804,mert_v0,unweighted,pop,0.0,0.05228009705120311,0.7674992822323848,-0.21897260066421492,0.0,0.0,
2026092804,mert_v0,unweighted,ambient,0.0,-0.00333309712445997,1.2414721343374284,0.295470732653259,0.0,0.0,
2026092804,mert_v0,unweighted,rock,0.0,-0.16027554556571333,1.2097712445019553,0.09946800470463832,0.0,0.0,
2026092804,mert_v1,ambient_balanced,electronic,0.0,0.1652227755351211,1.1006380536119056,0.22704949505738162,0.0,0.0,
2026092804,mert_v1,ambient_balanced,pop,0.0,0.03551076290919377,0.6704645442764922,-0.3403846424534802,0.0,0.0,
2026092804,mert_v1,ambient_balanced,ambient,-1.3637825879476737,-1.2672132076152112,1.151665124378921,-1.2768321413502546,0.5,1.0,
2026092804,mert_v1,ambient_balanced,rock,0.0,-0.18126400387475752,1.2312349589273754,0.09963988953250529,0.0,0.0,
2026092804,mert_v1,unweighted,electronic,0.0,0.1652227755351211,1.1006380536119056,0.22704949505738162,0.0,0.0,
2026092804,mert_v1,unweighted,pop,0.0,0.03551076290919377,0.6704645442764922,-0.3403846424534802,0.0,0.0,
2026092804,mert_v1,unweighted,ambient,0.0,-0.03970105987296531,1.2991040374046543,0.31615481024074976,0.0,0.0,
2026092804,mert_v1,unweighted,rock,0.0,-0.18126400387475752,1.2312349589273754,0.09963988953250529,0.0,0.0,
2026092805,maest,ambient_balanced,electronic,0.0,0.2892689016471344,0.7399779596547971,0.0972521701894672,0.0,0.25,
2026092805,maest,ambient_balanced,pop,0.0,0.034383696128005625,0.710358021129016,-0.26150245740227746,0.0,0.5,
2026092805,maest,ambient_balanced,ambient,-1.3639374540186142,-1.1969001033490783,0.7230594795947765,-1.1428520984656845,0.5,1.0,
2026092805,maest,ambient_balanced,rock,0.0,0.036719245791445344,1.2683055739246945,0.37268702413349786,0.0,0.0,
2026092805,maest,unweighted,electronic,0.0,0.2892689016471344,0.7399779596547971,0.0972521701894672,0.0,0.25,
2026092805,maest,unweighted,pop,0.0,0.034383696128005625,0.710358021129016,-0.26150245740227746,0.0,0.5,
2026092805,maest,unweighted,ambient,0.0,-0.023251415531795848,0.813446745429222,-0.21180449239137258,0.0,0.0,
2026092805,maest,unweighted,rock,0.0,0.036719245791445344,1.2683055739246945,0.37268702413349786,0.0,0.0,
2026092805,mert_v0,ambient_balanced,electronic,0.0,0.26396485436421147,1.0590859222948326,0.31286543862985766,0.0,0.25,
2026092805,mert_v0,ambient_balanced,pop,0.0,0.0041184601114719836,0.8496558771800966,-0.1567486109113859,0.0,0.0,
2026092805,mert_v0,ambient_balanced,ambient,-1.3639374540186142,-1.151093855771949,0.8286818082686752,-1.1532082169922442,0.5,1.0,
2026092805,mert_v0,ambient_balanced,rock,0.0,-0.12143678689965814,1.5463043249610864,0.5259694723615225,0.0,0.25,
2026092805,mert_v0,unweighted,electronic,0.0,0.26396485436421147,1.0590859222948326,0.31286543862985766,0.0,0.25,
2026092805,mert_v0,unweighted,pop,0.0,0.0041184601114719836,0.8496558771800966,-0.1567486109113859,0.0,0.0,
2026092805,mert_v0,unweighted,ambient,0.0,0.08918326132868354,0.8771232488104262,-0.0673146081586441,0.0,0.0,
2026092805,mert_v0,unweighted,rock,0.0,-0.12143678689965814,1.5463043249610864,0.5259694723615225,0.0,0.25,
2026092805,mert_v1,ambient_balanced,electronic,0.0,0.30076650515248204,1.1621471671247723,0.4339840928894099,0.0,0.5,
2026092805,mert_v1,ambient_balanced,pop,0.0,-0.051654437657661555,1.073016972805347,0.019947461752021074,0.0,0.0,
2026092805,mert_v1,ambient_balanced,ambient,-1.3639374540186142,-1.1457022367755791,0.856770226912189,-1.1482534911917597,0.5,1.0,
2026092805,mert_v1,ambient_balanced,rock,0.0,-0.09079427958145812,1.6972146361369327,0.7714452481502665,0.0,0.5,
2026092805,mert_v1,unweighted,electronic,0.0,0.30076650515248204,1.1621471671247723,0.4339840928894099,0.0,0.5,
2026092805,mert_v1,unweighted,pop,0.0,-0.051654437657661555,1.073016972805347,0.019947461752021074,0.0,0.0,
2026092805,mert_v1,unweighted,ambient,0.0,0.10545784326040666,0.9090261082753234,-0.012064162694206767,0.0,0.0,
2026092805,mert_v1,unweighted,rock,0.0,-0.09079427958145812,1.6972146361369327,0.7714452481502665,0.0,0.5,
2026092806,maest,ambient_balanced,electronic,0.0,0.07347755794261115,1.1500312953621261,0.12446429192776269,0.0,0.0,
2026092806,maest,ambient_balanced,pop,0.0,0.053210279034831796,1.1279748369082163,0.19202938567304376,0.0,0.0,
2026092806,maest,ambient_balanced,ambient,-1.3879935968728505,-1.0893114932148418,0.9314421907574036,-1.0833055267522773,0.25,0.75,
2026092806,maest,ambient_balanced,rock,0.0,0.014411962901719613,1.263926536768259,0.35451474327042537,0.0,0.25,
2026092806,maest,unweighted,electronic,0.0,0.07347755794261115,1.1500312953621261,0.12446429192776269,0.0,0.0,
2026092806,maest,unweighted,pop,0.0,0.053210279034831796,1.1279748369082163,0.19202938567304376,0.0,0.0,
2026092806,maest,unweighted,ambient,0.0,0.0423810984562796,1.06107116962816,0.10723434144787676,0.0,0.0,
2026092806,maest,unweighted,rock,0.0,0.014411962901719613,1.263926536768259,0.35451474327042537,0.0,0.25,
2026092806,mert_v0,ambient_balanced,electronic,0.0,0.058441655534462456,1.4961949605376708,0.2715607198852387,0.0,0.5,
2026092806,mert_v0,ambient_balanced,pop,0.0,0.16220757312207892,1.2190308471498297,0.4473436867424834,0.0,0.0,
2026092806,mert_v0,ambient_balanced,ambient,-1.3879935968728505,-1.3665793291336512,1.1841753458663316,-1.4162958271018569,0.5,1.0,
2026092806,mert_v0,ambient_balanced,rock,0.0,0.03194787005508953,1.6294192280297226,0.8618242579727999,0.0,0.5,
2026092806,mert_v0,unweighted,electronic,0.0,0.058441655534462456,1.4961949605376708,0.2715607198852387,0.0,0.5,
2026092806,mert_v0,unweighted,pop,0.0,0.16220757312207892,1.2190308471498297,0.4473436867424834,0.0,0.0,
2026092806,mert_v0,unweighted,ambient,0.0,-0.10953190524259213,1.3029867931045587,0.19909142783886236,0.0,0.0,
2026092806,mert_v0,unweighted,rock,0.0,0.03194787005508953,1.6294192280297226,0.8618242579727999,0.0,0.5,
2026092806,mert_v1,ambient_balanced,electronic,0.0,0.04833262246143817,1.6096352343660483,0.29574475969165936,0.0,0.5,
2026092806,mert_v1,ambient_balanced,pop,0.0,0.18588307480790853,1.1942293771851171,0.44107136677386377,0.0,0.0,
2026092806,mert_v1,ambient_balanced,ambient,-1.3879935968728505,-1.388615893058151,1.2113114695637481,-1.448490678841983,0.5,1.0,
2026092806,mert_v1,ambient_balanced,rock,0.0,0.007915424849214205,1.6294245241159526,0.8183474524945932,0.0,0.75,
2026092806,mert_v1,unweighted,electronic,0.0,0.04833262246143817,1.6096352343660483,0.29574475969165936,0.0,0.5,
2026092806,mert_v1,unweighted,pop,0.0,0.18588307480790853,1.1942293771851171,0.44107136677386377,0.0,0.0,
2026092806,mert_v1,unweighted,ambient,0.0,-0.11702436937608353,1.2927427629510968,0.1822555942587466,0.0,0.0,
2026092806,mert_v1,unweighted,rock,0.0,0.007915424849214205,1.6294245241159526,0.8183474524945932,0.0,0.75,
2026092807,maest,ambient_balanced,electronic,0.0,0.044142345755457675,1.124486155649824,0.09793006530972453,0.0,0.0,
2026092807,maest,ambient_balanced,pop,0.0,0.308249436832989,0.4909543323866464,-0.33206615372005854,0.0,0.5,
2026092807,maest,ambient_balanced,ambient,-1.3585147970128149,-1.1584687226965504,0.7844907262308657,-1.1462345648868741,0.25,1.0,
2026092807,maest,ambient_balanced,rock,0.0,-0.33894437523974313,1.0039723913797636,-0.33582372179823455,0.0,0.0,
2026092807,maest,unweighted,electronic,0.0,0.044142345755457675,1.124486155649824,0.09793006530972453,0.0,0.0,
2026092807,maest,unweighted,pop,0.0,0.308249436832989,0.4909543323866464,-0.33206615372005854,0.0,0.5,
2026092807,maest,unweighted,ambient,0.0,-0.03350823898583158,0.8770629455117795,-0.16704448371761457,0.0,0.0,
2026092807,maest,unweighted,rock,0.0,-0.33894437523974313,1.0039723913797636,-0.33582372179823455,0.0,0.0,
2026092807,mert_v0,ambient_balanced,electronic,0.0,0.07642277449069881,1.7100237248641192,0.4369567684819454,0.0,0.5,
2026092807,mert_v0,ambient_balanced,pop,0.0,0.33355852995913554,0.5007161568589319,-0.32847012675364085,0.0,0.0,
2026092807,mert_v0,ambient_balanced,ambient,-1.3585147970128149,-1.2739982469985347,0.9568907101119096,-1.2722477105185699,0.5,1.0,
2026092807,mert_v0,ambient_balanced,rock,0.0,-0.11476942149125145,1.360685443066665,0.28936622996770106,0.0,0.0,
2026092807,mert_v0,unweighted,electronic,0.0,0.07642277449069881,1.7100237248641192,0.4369567684819454,0.0,0.5,
2026092807,mert_v0,unweighted,pop,0.0,0.33355852995913554,0.5007161568589319,-0.32847012675364085,0.0,0.0,
2026092807,mert_v0,unweighted,ambient,0.0,-0.05873745537413628,1.054599047629426,0.006683372637327237,0.0,0.0,
2026092807,mert_v0,unweighted,rock,0.0,-0.11476942149125145,1.360685443066665,0.28936622996770106,0.0,0.0,
2026092807,mert_v1,ambient_balanced,electronic,0.0,0.03702085067644215,1.6102637978768635,0.3050630895680563,0.0,0.25,
2026092807,mert_v1,ambient_balanced,pop,0.0,0.35062118482209015,0.4917338812146995,-0.33076668104058105,0.0,0.0,
2026092807,mert_v1,ambient_balanced,ambient,-1.3585147970128149,-1.2625101919939528,0.8819638764043125,-1.259689971319605,0.5,1.0,
2026092807,mert_v1,ambient_balanced,rock,0.0,-0.05834241464961893,1.4086214136590172,0.43146617035685975,0.0,0.0,
2026092807,mert_v1,unweighted,electronic,0.0,0.03702085067644215,1.6102637978768635,0.3050630895680563,0.0,0.25,
2026092807,mert_v1,unweighted,pop,0.0,0.35062118482209015,0.4917338812146995,-0.33076668104058105,0.0,0.0,
2026092807,mert_v1,unweighted,ambient,0.0,-0.044866486386792574,0.9658613828124635,-0.08651090415060476,0.0,0.0,
2026092807,mert_v1,unweighted,rock,0.0,-0.05834241464961893,1.4086214136590172,0.43146617035685975,0.0,0.0,
2026092808,maest,ambient_balanced,electronic,0.0,0.24422849804809776,0.964615291735984,0.22108815055354689,0.0,0.0,
2026092808,maest,ambient_balanced,pop,0.0,0.23084365371075466,1.0310895922344225,0.27155076210923706,0.0,0.0,
2026092808,maest,ambient_balanced,ambient,-1.377636298376776,-1.097085241421492,0.8700056513957075,-1.0746200438825158,0.5,1.0,
2026092808,maest,ambient_balanced,rock,0.0,-0.07314536912417613,1.2490231466239317,0.18779215650584963,0.0,0.0,
2026092808,maest,unweighted,electronic,0.0,0.24422849804809776,0.964615291735984,0.22108815055354689,0.0,0.0,
2026092808,maest,unweighted,pop,0.0,0.23084365371075466,1.0310895922344225,0.27155076210923706,0.0,0.0,
2026092808,maest,unweighted,ambient,0.0,0.028148486084814878,0.9486715050698571,-0.022758925032869064,0.0,0.0,
2026092808,maest,unweighted,rock,0.0,-0.07314536912417613,1.2490231466239317,0.18779215650584963,0.0,0.0,
2026092808,mert_v0,ambient_balanced,electronic,0.0,0.04702315604168054,1.1179247400008732,0.1107668949534261,0.0,0.0,
2026092808,mert_v0,ambient_balanced,pop,0.0,0.10735702140570175,2.0077246439969647,1.3166923489483482,0.0,0.5,
2026092808,mert_v0,ambient_balanced,ambient,-1.377636298376776,-1.1873791161648615,1.2134815406263115,-1.2088341122725488,0.5,1.0,
2026092808,mert_v0,ambient_balanced,rock,0.0,-0.13546035561710748,1.276134544748051,0.16977725895663684,0.0,0.75,
2026092808,mert_v0,unweighted,electronic,0.0,0.04702315604168054,1.1179247400008732,0.1107668949534261,0.0,0.0,
2026092808,mert_v0,unweighted,pop,0.0,0.10735702140570175,2.0077246439969647,1.3166923489483482,0.0,0.5,
2026092808,mert_v0,unweighted,ambient,0.0,0.033994240261089194,1.373114294764201,0.46522613813468305,0.0,0.0,
2026092808,mert_v0,unweighted,rock,0.0,-0.13546035561710748,1.276134544748051,0.16977725895663684,0.0,0.75,
2026092808,mert_v1,ambient_balanced,electronic,0.0,0.09239742623182547,1.201243712951775,0.20199712132464798,0.0,0.0,
2026092808,mert_v1,ambient_balanced,pop,0.0,0.12896244756983669,2.2469041948246944,1.6575259515602443,0.0,0.5,
2026092808,mert_v1,ambient_balanced,ambient,-1.377636298376776,-1.1931445514336667,1.2146239632733855,-1.2147820054500793,0.5,1.0,
2026092808,mert_v1,ambient_balanced,rock,0.0,-0.14471994433098806,1.2474163679531192,0.13765303917186109,0.0,0.25,
2026092808,mert_v1,unweighted,electronic,0.0,0.09239742623182547,1.201243712951775,0.20199712132464798,0.0,0.0,
2026092808,mert_v1,unweighted,pop,0.0,0.12896244756983669,2.2469041948246944,1.6575259515602443,0.0,0.5,
2026092808,mert_v1,unweighted,ambient,0.0,0.031372770224368185,1.4171685857549223,0.5135495315473334,0.0,0.25,
2026092808,mert_v1,unweighted,rock,0.0,-0.14471994433098806,1.2474163679531192,0.13765303917186109,0.0,0.25,
2026092809,maest,ambient_balanced,electronic,0.0,0.05727693906455136,1.3780689372599253,0.2198565392700978,0.0,0.75,
2026092809,maest,ambient_balanced,pop,0.0,-0.11570239225104816,0.4208400252721847,-0.6755471443426156,0.0,0.5,
2026092809,maest,ambient_balanced,ambient,-1.3121863889661687,-1.3056049167973107,0.8011059070302803,-1.278975235455318,0.5,0.75,
2026092809,maest,ambient_balanced,rock,0.0,0.02114013160908041,1.0816143465741734,0.10007904131195493,0.0,0.0,
2026092809,maest,unweighted,electronic,0.0,0.05727693906455136,1.3780689372599253,0.2198565392700978,0.0,0.75,
2026092809,maest,unweighted,pop,0.0,-0.11570239225104816,0.4208400252721847,-0.6755471443426156,0.0,0.5,
2026092809,maest,unweighted,ambient,0.0,-0.23758839051598107,0.8822662676255983,-0.3508193562708106,0.0,0.0,
2026092809,maest,unweighted,rock,0.0,0.02114013160908041,1.0816143465741734,0.10007904131195493,0.0,0.0,
2026092809,mert_v0,ambient_balanced,electronic,0.0,0.01731874971284681,1.8166341228659781,0.4047352315404995,0.25,0.75,
2026092809,mert_v0,ambient_balanced,pop,0.0,-0.04643115938621088,0.3926381365334563,-0.7171400104163124,0.0,0.0,
2026092809,mert_v0,ambient_balanced,ambient,-1.3121863889661687,-1.3921030764868092,0.8716065994894356,-1.3865226896152811,0.5,1.0,
2026092809,mert_v0,ambient_balanced,rock,0.0,0.11156704310400654,1.732390552597212,0.9478179096637754,0.25,1.0,
2026092809,mert_v0,unweighted,electronic,0.0,0.01731874971284681,1.8166341228659781,0.4047352315404995,0.25,0.75,
2026092809,mert_v0,unweighted,pop,0.0,-0.04643115938621088,0.3926381365334563,-0.7171400104163124,0.0,0.0,
2026092809,mert_v0,unweighted,ambient,0.0,-0.22010507742878727,0.9867216813694286,-0.23538327377055743,0.0,0.0,
2026092809,mert_v0,unweighted,rock,0.0,0.11156704310400654,1.732390552597212,0.9478179096637754,0.25,1.0,
2026092809,mert_v1,ambient_balanced,electronic,0.0,0.02771880051104669,1.8427051827514458,0.41220663881217834,0.25,1.0,
2026092809,mert_v1,ambient_balanced,pop,0.0,-0.0739825549815395,0.2674853971592613,-0.87568257686136,0.0,0.25,
2026092809,mert_v1,ambient_balanced,ambient,-1.3121863889661687,-1.3784482675168979,1.1134195512403868,-1.3840533800524617,0.5,1.0,
2026092809,mert_v1,ambient_balanced,rock,0.0,0.10702117971468494,1.5297137656915496,0.7360662002486763,0.0,0.5,
2026092809,mert_v1,unweighted,electronic,0.0,0.02771880051104669,1.8427051827514458,0.41220663881217834,0.25,1.0,
2026092809,mert_v1,unweighted,pop,0.0,-0.0739825549815395,0.2674853971592613,-0.87568257686136,0.0,0.25,
2026092809,mert_v1,unweighted,ambient,0.0,-0.19439467954964235,1.2107025032921062,0.05088014557207846,0.0,0.0,
2026092809,mert_v1,unweighted,rock,0.0,0.10702117971468494,1.5297137656915496,0.7360662002486763,0.0,0.5,
2026092810,maest,ambient_balanced,electronic,0.0,0.647038713678091,0.8706046333148422,0.5114597454851532,0.0,0.75,
2026092810,maest,ambient_balanced,pop,0.0,0.10290851175756364,1.0069764229185187,0.1101798640916007,0.0,0.0,
2026092810,maest,ambient_balanced,ambient,-1.3571577670332353,-1.0039529947523607,0.8318837932388525,-1.0105030019735992,0.25,1.0,
2026092810,maest,ambient_balanced,rock,0.0,0.011055887595446075,1.3451202860996867,0.3920863216186292,0.0,0.0,
2026092810,maest,unweighted,electronic,0.0,0.647038713678091,0.8706046333148422,0.5114597454851532,0.0,0.75,
2026092810,maest,unweighted,pop,0.0,0.10290851175756364,1.0069764229185187,0.1101798640916007,0.0,0.0,
2026092810,maest,unweighted,ambient,0.0,0.10883330548847886,0.9431104427859345,0.0420268359764682,0.0,0.0,
2026092810,maest,unweighted,rock,0.0,0.011055887595446075,1.3451202860996867,0.3920863216186292,0.0,0.0,
2026092810,mert_v0,ambient_balanced,electronic,0.0,0.34776815013996315,1.2017033050359287,0.5187144302429227,0.0,0.75,
2026092810,mert_v0,ambient_balanced,pop,0.0,0.09311840160155126,1.813322011593893,1.0272102342884342,0.25,0.75,
2026092810,mert_v0,ambient_balanced,ambient,-1.3571577670332353,-1.2307796792115089,1.0848151134801303,-1.2339030753000146,0.5,1.0,
2026092810,mert_v0,ambient_balanced,rock,0.0,-0.004089975167441517,1.9928550032740062,1.1850125672251324,0.25,0.75,
2026092810,mert_v0,unweighted,electronic,0.0,0.34776815013996315,1.2017033050359287,0.5187144302429227,0.0,0.75,
2026092810,mert_v0,unweighted,pop,0.0,0.09311840160155126,1.813322011593893,1.0272102342884342,0.25,0.75,
2026092810,mert_v0,unweighted,ambient,0.0,-0.022629285998293367,1.1952127206109924,0.2107808616052039,0.0,0.0,
2026092810,mert_v0,unweighted,rock,0.0,-0.004089975167441517,1.9928550032740062,1.1850125672251324,0.25,0.75,
2026092810,mert_v1,ambient_balanced,electronic,0.0,0.3661753637767585,1.2559391897434518,0.5790983276278648,0.0,0.75,
2026092810,mert_v1,ambient_balanced,pop,0.0,0.08150128172782932,1.663403322423783,0.8141892174647403,0.0,0.75,
2026092810,mert_v1,ambient_balanced,ambient,-1.3571577670332353,-1.1948231723424472,0.9992490960413376,-1.1948308169940183,0.5,1.0,
2026092810,mert_v1,ambient_balanced,rock,0.0,-0.08969846792681967,2.0768059860467636,1.122001587883225,0.25,0.75,
2026092810,mert_v1,unweighted,electronic,0.0,0.3661753637767585,1.2559391897434518,0.5790983276278648,0.0,0.75,
2026092810,mert_v1,unweighted,pop,0.0,0.08150128172782932,1.663403322423783,0.8141892174647403,0.0,0.75,
2026092810,mert_v1,unweighted,ambient,0.0,0.0032054046478136467,1.1231689669796374,0.15453346562392323,0.0,0.0,
2026092810,mert_v1,unweighted,rock,0.0,-0.08969846792681967,2.0768059860467636,1.122001587883225,0.25,0.75,
2026092811,maest,ambient_balanced,electronic,0.0,0.1281329026831021,1.3924636550681524,0.3375826615722558,0.0,0.25,
2026092811,maest,ambient_balanced,pop,0.0,-0.10030761573466343,0.8957705215834285,-0.1956470715094486,0.0,0.0,
2026092811,maest,ambient_balanced,ambient,-1.335349559504642,-1.05598757770429,0.5688289050827868,-1.1178627506024834,0.25,0.75,
2026092811,maest,ambient_balanced,rock,0.0,0.06728762645722619,0.9965386185525588,0.06284733039049609,0.0,0.0,
2026092811,maest,unweighted,electronic,0.0,0.1281329026831021,1.3924636550681524,0.3375826615722558,0.0,0.25,
2026092811,maest,unweighted,pop,0.0,-0.10030761573466343,0.8957705215834285,-0.1956470715094486,0.0,0.0,
2026092811,maest,unweighted,ambient,0.0,0.002963052507093285,0.6456993587531926,-0.4269502850195752,0.0,0.0,
2026092811,maest,unweighted,rock,0.0,0.06728762645722619,0.9965386185525588,0.06284733039049609,0.0,0.0,
2026092811,mert_v0,ambient_balanced,electronic,0.0,0.08671206417080159,1.8966960073432195,0.5773189096715937,0.25,0.75,
2026092811,mert_v0,ambient_balanced,pop,0.0,0.04037636434537339,0.9866127271058809,0.024919691374344244,0.0,0.0,
2026092811,mert_v0,ambient_balanced,ambient,-1.335349559504642,-1.3463514639051068,0.7160104488694058,-1.3219995007077687,0.5,1.0,
2026092811,mert_v0,ambient_balanced,rock,0.0,0.04165600095360216,1.5244148922481193,0.7168693154430683,0.0,1.0,
2026092811,mert_v0,unweighted,electronic,0.0,0.08671206417080159,1.8966960073432195,0.5773189096715937,0.25,0.75,
2026092811,mert_v0,unweighted,pop,0.0,0.04037636434537339,0.9866127271058809,0.024919691374344244,0.0,0.0,
2026092811,mert_v0,unweighted,ambient,0.0,-0.15954215053777868,0.8129967619342459,-0.3688651008076413,0.0,0.0,
2026092811,mert_v0,unweighted,rock,0.0,0.04165600095360216,1.5244148922481193,0.7168693154430683,0.0,1.0,
2026092811,mert_v1,ambient_balanced,electronic,0.0,0.1271548789951374,1.8326397939853083,0.6026362479966455,0.25,0.75,
2026092811,mert_v1,ambient_balanced,pop,0.0,0.057212268902769085,0.9820355536986952,0.03625080023815421,0.0,0.0,
2026092811,mert_v1,ambient_balanced,ambient,-1.335349559504642,-1.2828584442486994,0.6997846547707057,-1.2835538666151853,0.5,1.0,
2026092811,mert_v1,ambient_balanced,rock,0.0,-0.01464726744727098,1.726030342562225,0.8870232921327944,0.25,1.0,
2026092811,mert_v1,unweighted,electronic,0.0,0.1271548789951374,1.8326397939853083,0.6026362479966455,0.25,0.75,
2026092811,mert_v1,unweighted,pop,0.0,0.057212268902769085,0.9820355536986952,0.03625080023815421,0.0,0.0,
2026092811,mert_v1,unweighted,ambient,0.0,-0.10174728069766356,0.7758171166320103,-0.3713398301297648,0.0,0.0,
2026092811,mert_v1,unweighted,rock,0.0,-0.01464726744727098,1.726030342562225,0.8870232921327944,0.25,1.0,
2026092812,maest,ambient_balanced,electronic,0.0,0.14087612322698811,0.9487978961629983,0.1114955596994455,0.0,0.0,
2026092812,maest,ambient_balanced,pop,0.0,0.16670065151574925,0.7909731717620906,-0.09174231990639761,0.0,0.0,
2026092812,maest,ambient_balanced,ambient,-1.3159997913247659,-1.1515784700985183,1.0207730997081035,-1.1544231171612926,0.5,1.0,
2026092812,maest,ambient_balanced,rock,0.0,0.21186998010649224,0.9403011147065355,0.13501953307109074,0.0,0.0,
2026092812,maest,unweighted,electronic,0.0,0.14087612322698811,0.9487978961629983,0.1114955596994455,0.0,0.0,
2026092812,maest,unweighted,pop,0.0,0.16670065151574925,0.7909731717620906,-0.09174231990639761,0.0,0.0,
2026092812,maest,unweighted,ambient,0.0,-0.08865927237835264,1.1428646683016424,0.04722536037587322,0.0,0.25,
2026092812,maest,unweighted,rock,0.0,0.21186998010649224,0.9403011147065355,0.13501953307109074,0.0,0.0,
2026092812,mert_v0,ambient_balanced,electronic,0.0,0.024868153693556872,1.1833668747159667,0.12965609385388235,0.0,0.0,
2026092812,mert_v0,ambient_balanced,pop,0.0,0.024440236620736838,1.148802011614513,0.19673768373900977,0.0,0.0,
2026092812,mert_v0,ambient_balanced,ambient,-1.3159997913247659,-1.3781499336038197,1.203202481947539,-1.4184561704046874,0.5,1.0,
2026092812,mert_v0,ambient_balanced,rock,0.0,0.18796335982728188,1.1668475956077176,0.413760120704851,0.0,0.0,
2026092812,mert_v0,unweighted,electronic,0.0,0.024868153693556872,1.1833668747159667,0.12965609385388235,0.0,0.0,
2026092812,mert_v0,unweighted,pop,0.0,0.024440236620736838,1.148802011614513,0.19673768373900977,0.0,0.0,
2026092812,mert_v0,unweighted,ambient,0.0,-0.17359886097432162,1.3748271363300162,0.21297745356235698,0.0,0.5,
2026092812,mert_v0,unweighted,rock,0.0,0.18796335982728188,1.1668475956077176,0.413760120704851,0.0,0.0,
2026092812,mert_v1,ambient_balanced,electronic,0.0,0.03156946004323239,1.1305433406765784,0.10568512719225041,0.0,0.0,
2026092812,mert_v1,ambient_balanced,pop,0.0,0.010690971743408668,1.2042093955172524,0.24019300601342444,0.0,0.0,
2026092812,mert_v1,ambient_balanced,ambient,-1.3159997913247659,-1.3742320486586452,1.0802899438229887,-1.3889066453654828,0.5,1.0,
2026092812,mert_v1,ambient_balanced,rock,0.0,0.1944471009069336,1.177973663311223,0.4397907824219962,0.0,0.0,
2026092812,mert_v1,unweighted,electronic,0.0,0.03156946004323239,1.1305433406765784,0.10568512719225041,0.0,0.0,
2026092812,mert_v1,unweighted,pop,0.0,0.010690971743408668,1.2042093955172524,0.24019300601342444,0.0,0.0,
2026092812,mert_v1,unweighted,ambient,0.0,-0.175151428738518,1.251157351284188,0.08639135204639335,0.0,0.0,
2026092812,mert_v1,unweighted,rock,0.0,0.1944471009069336,1.177973663311223,0.4397907824219962,0.0,0.0,
2026092813,maest,ambient_balanced,electronic,0.0,0.11026291375015151,0.9240445300791887,0.06516953974802178,0.0,0.0,
2026092813,maest,ambient_balanced,pop,0.0,0.21695332432657444,0.6363765685263508,-0.24147920230767236,0.0,0.0,
2026092813,maest,ambient_balanced,ambient,-1.3592656887319712,-1.3008455935943677,0.9507145249152066,-1.2882075984849337,0.5,1.0,
2026092813,maest,ambient_balanced,rock,0.0,-0.13660452601536818,1.1661169008919818,0.022343908451851476,0.0,0.0,
2026092813,maest,unweighted,electronic,0.0,0.11026291375015151,0.9240445300791887,0.06516953974802178,0.0,0.0,
2026092813,maest,unweighted,pop,0.0,0.21695332432657444,0.6363765685263508,-0.24147920230767236,0.0,0.0,
2026092813,maest,unweighted,ambient,0.0,-0.18837325090804302,1.0609003301998852,-0.13460752560964467,0.0,0.0,
2026092813,maest,unweighted,rock,0.0,-0.13660452601536818,1.1661169008919818,0.022343908451851476,0.0,0.0,
2026092813,mert_v0,ambient_balanced,electronic,0.0,0.05549321550219289,1.0324199631537077,0.07531509932502341,0.0,0.0,
2026092813,mert_v0,ambient_balanced,pop,0.0,0.17988253879282562,0.6637098952226771,-0.2556062901333005,0.0,0.0,
2026092813,mert_v0,ambient_balanced,ambient,-1.3592656887319712,-1.342939111786709,1.1132296643945008,-1.35194866463282,0.5,1.0,
2026092813,mert_v0,ambient_balanced,rock,0.0,-0.05287167193487273,1.8082195047979335,0.8833552895932693,0.0,0.25,
2026092813,mert_v0,unweighted,electronic,0.0,0.05549321550219289,1.0324199631537077,0.07531509932502341,0.0,0.0,
2026092813,mert_v0,unweighted,pop,0.0,0.17988253879282562,0.6637098952226771,-0.2556062901333005,0.0,0.0,
2026092813,mert_v0,unweighted,ambient,0.0,-0.1435443769157084,1.192503225014121,0.07719357274629225,0.0,0.0,
2026092813,mert_v0,unweighted,rock,0.0,-0.05287167193487273,1.8082195047979335,0.8833552895932693,0.0,0.25,
2026092813,mert_v1,ambient_balanced,electronic,0.0,0.08292404449661928,1.1193736655025146,0.15749228010384678,0.0,0.0,
2026092813,mert_v1,ambient_balanced,pop,0.0,0.15369637644610032,0.7498679720720006,-0.1585073636201737,0.0,0.0,
2026092813,mert_v1,ambient_balanced,ambient,-1.3592656887319712,-1.3447827037451354,1.2726928286252577,-1.3756912639674392,0.5,1.0,
2026092813,mert_v1,ambient_balanced,rock,0.0,-0.077983826099153,1.7444661800777819,0.7608466642117692,0.0,0.5,
2026092813,mert_v1,unweighted,electronic,0.0,0.08292404449661928,1.1193736655025146,0.15749228010384678,0.0,0.0,
2026092813,mert_v1,unweighted,pop,0.0,0.15369637644610032,0.7498679720720006,-0.1585073636201737,0.0,0.0,
2026092813,mert_v1,unweighted,ambient,0.0,-0.13118851252484892,1.3531578665861592,0.2694333321538891,0.0,0.0,
2026092813,mert_v1,unweighted,rock,0.0,-0.077983826099153,1.7444661800777819,0.7608466642117692,0.0,0.5,
2026092814,maest,ambient_balanced,electronic,0.0,-0.0046295618979850925,1.3893882560112487,0.1641647265263671,0.0,0.5,
2026092814,maest,ambient_balanced,pop,0.0,-0.04503343708449506,0.4988671152881177,-0.6262761072395199,0.0,0.0,
2026092814,maest,ambient_balanced,ambient,-1.330489519951074,-1.2317499493327393,0.9657731812905674,-1.2316289523950021,0.5,1.0,
2026092814,maest,ambient_balanced,rock,0.0,-0.05209026788974309,0.9397860298855095,-0.11552195671538631,0.0,0.0,
2026092814,maest,unweighted,electronic,0.0,-0.0046295618979850925,1.3893882560112487,0.1641647265263671,0.0,0.5,
2026092814,maest,unweighted,pop,0.0,-0.04503343708449506,0.4988671152881177,-0.6262761072395199,0.0,0.0,
2026092814,maest,unweighted,ambient,0.0,-0.1387068357806998,1.1015249843144004,-0.025025154626729083,0.0,0.0,
2026092814,maest,unweighted,rock,0.0,-0.05209026788974309,0.9397860298855095,-0.11552195671538631,0.0,0.0,
2026092814,mert_v0,ambient_balanced,electronic,0.0,-0.07457493162557774,1.5592573027018886,0.20660715047338626,0.0,0.5,
2026092814,mert_v0,ambient_balanced,pop,0.0,-0.14550800027460842,0.43231285795726776,-0.7751494099028131,0.0,0.0,
2026092814,mert_v0,ambient_balanced,ambient,-1.330489519951074,-1.3579054535954498,1.082152972198634,-1.355427390482069,0.5,1.0,
2026092814,mert_v0,ambient_balanced,rock,0.0,0.020923073568428697,1.2773635939878267,0.35320903709981527,0.0,0.5,
2026092814,mert_v0,unweighted,electronic,0.0,-0.07457493162557774,1.5592573027018886,0.20660715047338626,0.0,0.5,
2026092814,mert_v0,unweighted,pop,0.0,-0.14550800027460842,0.43231285795726776,-0.7751494099028131,0.0,0.0,
2026092814,mert_v0,unweighted,ambient,0.0,-0.15907339161584735,1.2169348052623674,0.11203796765897657,0.0,0.0,
2026092814,mert_v0,unweighted,rock,0.0,0.020923073568428697,1.2773635939878267,0.35320903709981527,0.0,0.5,
2026092814,mert_v1,ambient_balanced,electronic,0.0,-0.10389802425096574,1.5574638240096224,0.15103884201173678,0.0,0.25,
2026092814,mert_v1,ambient_balanced,pop,0.0,-0.15864970680677035,0.6334323322746171,-0.5493494037352217,0.0,0.0,
2026092814,mert_v1,ambient_balanced,ambient,-1.330489519951074,-1.436089862589362,1.2304676570362776,-1.4522056494039925,0.5,1.0,
2026092814,mert_v1,ambient_balanced,rock,0.0,0.07243371755140016,1.3384899850720458,0.5049848156296253,0.0,0.75,
2026092814,mert_v1,unweighted,electronic,0.0,-0.10389802425096574,1.5574638240096224,0.15103884201173678,0.0,0.25,
2026092814,mert_v1,unweighted,pop,0.0,-0.15864970680677035,0.6334323322746171,-0.5493494037352217,0.0,0.0,
2026092814,mert_v1,unweighted,ambient,0.0,-0.2270549678747444,1.3794009304173713,0.21381231954800212,0.0,0.0,
2026092814,mert_v1,unweighted,rock,0.0,0.07243371755140016,1.3384899850720458,0.5049848156296253,0.0,0.75,
2026092815,maest,ambient_balanced,electronic,0.0,-0.10682011148913188,0.8971692267618148,-0.13720498804170525,0.0,0.0,
2026092815,maest,ambient_balanced,pop,0.0,0.1978824066562596,0.7692468616054651,-0.08629988817280887,0.0,0.0,
2026092815,maest,ambient_balanced,ambient,-1.327798154438282,-1.060184990287231,0.7130019608539035,-1.077090196264548,0.5,0.75,
2026092815,maest,ambient_balanced,rock,0.0,-0.10055287341625106,1.2133561925513752,0.16542627508827992,0.0,0.0,
2026092815,maest,unweighted,electronic,0.0,-0.10682011148913188,0.8971692267618148,-0.13720498804170525,0.0,0.0,
2026092815,maest,unweighted,pop,0.0,0.1978824066562596,0.7692468616054651,-0.08629988817280887,0.0,0.0,
2026092815,maest,unweighted,ambient,0.0,0.033874311964292976,0.7950338131579635,-0.2048847147016904,0.0,0.0,
2026092815,maest,unweighted,rock,0.0,-0.10055287341625106,1.2133561925513752,0.16542627508827992,0.0,0.0,
2026092815,mert_v0,ambient_balanced,electronic,0.0,-0.032409353574532486,1.0906807665237912,0.015368714437875953,0.0,0.0,
2026092815,mert_v0,ambient_balanced,pop,0.0,0.052616874080962515,0.9572985141072984,0.0023381836501885083,0.0,0.0,
2026092815,mert_v0,ambient_balanced,ambient,-1.327798154438282,-1.1952564698710753,0.8717177384909923,-1.1955964843175224,0.5,1.0,
2026092815,mert_v0,ambient_balanced,rock,0.0,-0.15698729425728025,1.3978984809718766,0.3084606593724462,0.0,0.0,
2026092815,mert_v0,unweighted,electronic,0.0,-0.032409353574532486,1.0906807665237912,0.015368714437875953,0.0,0.0,
2026092815,mert_v0,unweighted,pop,0.0,0.052616874080962515,0.9572985141072984,0.0023381836501885083,0.0,0.0,
2026092815,mert_v0,unweighted,ambient,0.0,-0.0137799557396338,0.907866163988527,-0.12460819707444454,0.0,0.0,
2026092815,mert_v0,unweighted,rock,0.0,-0.15698729425728025,1.3978984809718766,0.3084606593724462,0.0,0.0,
2026092815,mert_v1,ambient_balanced,electronic,0.0,-0.027618952278385265,1.2941509051204971,0.11701406866391564,0.0,0.25,
2026092815,mert_v1,ambient_balanced,pop,0.0,0.020864566008892752,0.9909832087769065,0.010737464634754005,0.0,0.0,
2026092815,mert_v1,ambient_balanced,ambient,-1.327798154438282,-1.1914900581478673,0.7827124029306652,-1.1971770645372786,0.5,1.0,
2026092815,mert_v1,ambient_balanced,rock,0.0,-0.15337339572409017,1.3353477092895663,0.2456605786536478,0.0,0.0,
2026092815,mert_v1,unweighted,electronic,0.0,-0.027618952278385265,1.2941509051204971,0.11701406866391564,0.0,0.25,
2026092815,mert_v1,unweighted,pop,0.0,0.020864566008892752,0.9909832087769065,0.010737464634754005,0.0,0.0,
2026092815,mert_v1,unweighted,ambient,0.0,0.0007804281128488119,0.8418278262162284,-0.19421370426632206,0.0,0.0,
2026092815,mert_v1,unweighted,rock,0.0,-0.15337339572409017,1.3353477092895663,0.2456605786536478,0.0,0.0,
2026092816,maest,ambient_balanced,electronic,0.0,-0.15834051695488432,1.2890413834603713,-0.08554715587459985,0.0,0.25,
2026092816,maest,ambient_balanced,pop,0.0,0.16225683675991745,0.5236909141910167,-0.4767689852104664,0.0,0.25,
2026092816,maest,ambient_balanced,ambient,-1.372501038987555,-1.3519811901876984,0.6847247891318078,-1.2373915590521274,0.5,0.75,
2026092816,maest,ambient_balanced,rock,0.0,0.45494852950870507,1.1107396439830703,0.6446611917109789,0.0,0.0,
2026092816,maest,unweighted,electronic,0.0,-0.15834051695488432,1.2890413834603713,-0.08554715587459985,0.0,0.25,
2026092816,maest,unweighted,pop,0.0,0.16225683675991745,0.5236909141910167,-0.4767689852104664,0.0,0.25,
2026092816,maest,unweighted,ambient,0.0,-0.24564977562235749,0.7477609891005373,-0.4393823726179653,0.0,0.0,
2026092816,maest,unweighted,rock,0.0,0.45494852950870507,1.1107396439830703,0.6446611917109789,0.0,0.0,
2026092816,mert_v0,ambient_balanced,electronic,0.0,-0.1376552281313041,1.7827660348058405,0.1781909238499194,0.25,0.75,
2026092816,mert_v0,ambient_balanced,pop,0.0,0.07554049171626441,0.7003385362302127,-0.3162352827876329,0.0,0.0,
2026092816,mert_v0,ambient_balanced,ambient,-1.372501038987555,-1.4292551771524058,0.6722328002567488,-1.3411704605748191,0.5,1.0,
2026092816,mert_v0,ambient_balanced,rock,0.0,0.28743437624454055,1.1360798590702443,0.4932330085858269,0.0,0.0,
2026092816,mert_v0,unweighted,electronic,0.0,-0.1376552281313041,1.7827660348058405,0.1781909238499194,0.25,0.75,
2026092816,mert_v0,unweighted,pop,0.0,0.07554049171626441,0.7003385362302127,-0.3162352827876329,0.0,0.0,
2026092816,mert_v0,unweighted,ambient,0.0,-0.20886404914983484,0.7237689016981759,-0.47468329932280773,0.0,0.0,
2026092816,mert_v0,unweighted,rock,0.0,0.28743437624454055,1.1360798590702443,0.4932330085858269,0.0,0.0,
2026092816,mert_v1,ambient_balanced,electronic,0.0,-0.11358191154788522,1.9473150199702065,0.263760735525549,0.25,0.75,
2026092816,mert_v1,ambient_balanced,pop,0.0,0.04832393144587967,0.890949903386529,-0.08807749268073008,0.0,0.0,
2026092816,mert_v1,ambient_balanced,ambient,-1.372501038987555,-1.431652676904543,0.6664466888303865,-1.341278539238164,0.5,1.0,
2026092816,mert_v1,ambient_balanced,rock,0.0,0.24059730566377366,1.109420660792736,0.4028493532615305,0.0,0.0,
2026092816,mert_v1,unweighted,electronic,0.0,-0.11358191154788522,1.9473150199702065,0.263760735525549,0.25,0.75,
2026092816,mert_v1,unweighted,pop,0.0,0.04832393144587967,0.890949903386529,-0.08807749268073008,0.0,0.0,
2026092816,mert_v1,unweighted,ambient,0.0,-0.20257825359865725,0.7073310370512655,-0.48794852108912756,0.0,0.0,
2026092816,mert_v1,unweighted,rock,0.0,0.24059730566377366,1.109420660792736,0.4028493532615305,0.0,0.0,
2026092817,maest,ambient_balanced,electronic,0.0,0.23590337330237832,1.1530347614494223,0.34660521176888504,0.0,0.0,
2026092817,maest,ambient_balanced,pop,0.0,-0.0043383480691116215,0.8757579479207954,-0.1412017182730097,0.0,0.0,
2026092817,maest,ambient_balanced,ambient,-1.3760378609527015,-1.1253929429835463,0.5905876954934571,-1.1696739951276738,0.5,1.0,
2026092817,maest,ambient_balanced,rock,0.0,0.0946882107129593,0.9961439014798358,0.09009737059716462,0.0,0.0,
2026092817,maest,unweighted,electronic,0.0,0.23590337330237832,1.1530347614494223,0.34660521176888504,0.0,0.0,
2026092817,maest,unweighted,pop,0.0,-0.0043383480691116215,0.8757579479207954,-0.1412017182730097,0.0,0.0,
2026092817,maest,unweighted,ambient,0.0,0.003256066839794121,0.6726001689247619,-0.40857286419988353,0.0,0.25,
2026092817,maest,unweighted,rock,0.0,0.0946882107129593,0.9961439014798358,0.09009737059716462,0.0,0.0,
2026092817,mert_v0,ambient_balanced,electronic,0.0,0.05180871401084254,1.428899318480815,0.320403930793258,0.0,0.0,
2026092817,mert_v0,ambient_balanced,pop,0.0,-0.05076558755795822,1.1847380696341687,0.15698561140599204,0.0,0.0,
2026092817,mert_v0,ambient_balanced,ambient,-1.3760378609527015,-1.3498308754887272,0.8048272503013908,-1.3465882292788043,0.5,1.0,
2026092817,mert_v0,ambient_balanced,rock,0.0,0.0700565804060642,1.3786482708390586,0.5107854905743524,0.25,1.0,
2026092817,mert_v0,unweighted,electronic,0.0,0.05180871401084254,1.428899318480815,0.320403930793258,0.0,0.0,
2026092817,mert_v0,unweighted,pop,0.0,-0.05076558755795822,1.1847380696341687,0.15698561140599204,0.0,0.0,
2026092817,mert_v0,unweighted,ambient,0.0,-0.10219443469589862,0.9076220352799941,-0.2181198970544065,0.0,0.0,
2026092817,mert_v0,unweighted,rock,0.0,0.0700565804060642,1.3786482708390586,0.5107854905743524,0.25,1.0,
2026092817,mert_v1,ambient_balanced,electronic,0.0,0.07420815929207168,1.451503522238729,0.34915057726004944,0.0,0.0,
2026092817,mert_v1,ambient_balanced,pop,0.0,-0.013330718621058786,1.4371788495666014,0.4866335578162629,0.0,0.0,
2026092817,mert_v1,ambient_balanced,ambient,-1.3760378609527015,-1.3887982137590094,0.6983499596571148,-1.3746985566497363,0.5,1.0,
2026092817,mert_v1,ambient_balanced,rock,0.0,0.06246823351485099,1.3504687046215929,0.478027557002961,0.0,1.0,
2026092817,mert_v1,unweighted,electronic,0.0,0.07420815929207168,1.451503522238729,0.34915057726004944,0.0,0.0,
2026092817,mert_v1,unweighted,pop,0.0,-0.013330718621058786,1.4371788495666014,0.4866335578162629,0.0,0.0,
2026092817,mert_v1,unweighted,ambient,0.0,-0.13322147571627552,0.7917915845158703,-0.3895463939376883,0.0,0.0,
2026092817,mert_v1,unweighted,rock,0.0,0.06246823351485099,1.3504687046215929,0.478027557002961,0.0,1.0,
2026092818,maest,ambient_balanced,electronic,0.0,-0.07238558385817548,0.7447997865865281,-0.1406391815304406,0.0,0.0,
2026092818,maest,ambient_balanced,pop,0.0,-0.3194805924539602,0.38354968715001314,-0.938470205801604,0.25,0.75,
2026092818,maest,ambient_balanced,ambient,-1.5360397474792327,-0.8554874054037627,0.7455348089673265,-0.8105257523832883,0.25,0.75,
2026092818,maest,ambient_balanced,rock,0.0,-0.1812087946046589,1.0197531140088338,-0.16370630653496923,0.0,0.0,
2026092818,maest,unweighted,electronic,0.0,-0.07238558385817548,0.7447997865865281,-0.1406391815304406,0.0,0.0,
2026092818,maest,unweighted,pop,0.0,-0.3194805924539602,0.38354968715001314,-0.938470205801604,0.25,0.75,
2026092818,maest,unweighted,ambient,0.0,0.398630333282812,0.8145934797996313,0.19342954480830957,0.0,1.0,
2026092818,maest,unweighted,rock,0.0,-0.1812087946046589,1.0197531140088338,-0.16370630653496923,0.0,0.0,
2026092818,mert_v0,ambient_balanced,electronic,0.0,-0.14222756075073306,1.092177110695739,-0.11822479883672826,0.0,0.0,
2026092818,mert_v0,ambient_balanced,pop,0.0,-0.2079174501401741,0.7717551437467426,-0.46757761108045814,0.0,0.0,
2026092818,mert_v0,ambient_balanced,ambient,-1.5360397474792327,-0.9085026333101258,0.853273998801955,-0.8913171979695436,0.25,1.0,
2026092818,mert_v0,ambient_balanced,rock,0.0,-0.008156745263793608,1.8150996756352082,0.9371838797613385,0.25,0.75,
2026092818,mert_v0,unweighted,electronic,0.0,-0.14222756075073306,1.092177110695739,-0.11822479883672826,0.0,0.0,
2026092818,mert_v0,unweighted,pop,0.0,-0.2079174501401741,0.7717551437467426,-0.46757761108045814,0.0,0.0,
2026092818,mert_v0,unweighted,ambient,0.0,0.48081497957409586,0.9581949870477282,0.42613541639780456,0.0,0.75,
2026092818,mert_v0,unweighted,rock,0.0,-0.008156745263793608,1.8150996756352082,0.9371838797613385,0.25,0.75,
2026092818,mert_v1,ambient_balanced,electronic,0.0,-0.13085663472652642,1.3793790250065674,-0.04576751369015337,0.0,0.25,
2026092818,mert_v1,ambient_balanced,pop,0.0,-0.17946497763658792,0.8967088976767137,-0.297629410655823,0.0,0.0,
2026092818,mert_v1,ambient_balanced,ambient,-1.5360397474792327,-0.8977536292370637,1.030574597565175,-0.901166860253527,0.25,1.0,
2026092818,mert_v1,ambient_balanced,rock,0.0,-0.047715742559739635,2.098824000772088,1.2043258185035923,0.25,0.75,
2026092818,mert_v1,unweighted,electronic,0.0,-0.13085663472652642,1.3793790250065674,-0.04576751369015337,0.0,0.25,
2026092818,mert_v1,unweighted,pop,0.0,-0.17946497763658792,0.8967088976767137,-0.297629410655823,0.0,0.0,
2026092818,mert_v1,unweighted,ambient,0.0,0.4884493425946173,1.1379103051781982,0.6695149113559301,0.0,0.75,
2026092818,mert_v1,unweighted,rock,0.0,-0.047715742559739635,2.098824000772088,1.2043258185035923,0.25,0.75,
2026092819,maest,ambient_balanced,electronic,0.0,0.010215003066982494,1.0215795932514555,0.020968327406718574,0.0,0.0,
2026092819,maest,ambient_balanced,pop,0.0,-0.5275894934504486,1.088737779412822,-0.4584701997883337,0.0,1.0,
2026092819,maest,ambient_balanced,ambient,-1.3794683960494907,-1.5476774359063075,0.44616973773828605,-1.432310670606258,0.5,1.0,
2026092819,maest,ambient_balanced,rock,0.0,0.02516664254648263,1.2696516168997145,0.3298905808450792,0.0,0.0,
2026092819,maest,unweighted,electronic,0.0,0.010215003066982494,1.0215795932514555,0.020968327406718574,0.0,0.0,
2026092819,maest,unweighted,pop,0.0,-0.5275894934504486,1.088737779412822,-0.4584701997883337,0.0,1.0,
2026092819,maest,unweighted,ambient,0.0,-0.4249574798082629,0.5221714151769559,-0.8628415727471055,0.0,0.5,
2026092819,maest,unweighted,rock,0.0,0.02516664254648263,1.2696516168997145,0.3298905808450792,0.0,0.0,
2026092819,mert_v0,ambient_balanced,electronic,0.0,-0.12921311257806598,1.1440486002789516,-0.06803702283137246,0.0,0.0,
2026092819,mert_v0,ambient_balanced,pop,0.0,-0.5073854479737745,1.2953856345778614,-0.2291160578925009,0.0,0.75,
2026092819,mert_v0,ambient_balanced,ambient,-1.3794683960494907,-1.551894239995328,0.6516174657873194,-1.5045193801324377,0.5,1.0,
2026092819,mert_v0,ambient_balanced,rock,0.0,-0.105486011848112,1.4757136439441498,0.4575655203391643,0.0,0.0,
2026092819,mert_v0,unweighted,electronic,0.0,-0.12921311257806598,1.1440486002789516,-0.06803702283137246,0.0,0.0,
2026092819,mert_v0,unweighted,pop,0.0,-0.5073854479737745,1.2953856345778614,-0.2291160578925009,0.0,0.75,
2026092819,mert_v0,unweighted,ambient,0.0,-0.305629374730506,0.7640999665737909,-0.5699746222703737,0.0,0.0,
2026092819,mert_v0,unweighted,rock,0.0,-0.105486011848112,1.4757136439441498,0.4575655203391643,0.0,0.0,
2026092819,mert_v1,ambient_balanced,electronic,0.0,-0.11589571858261227,1.1016317065600914,-0.07206847084250602,0.0,0.0,
2026092819,mert_v1,ambient_balanced,pop,0.0,-0.5421060578375065,1.2015021210422463,-0.3593489888045409,0.0,0.75,
2026092819,mert_v1,ambient_balanced,ambient,-1.3794683960494907,-1.5895376632051093,0.5956835587160447,-1.5280302443808569,0.5,1.0,
2026092819,mert_v1,ambient_balanced,rock,0.0,-0.11626240862424055,1.3984840826772904,0.3608969257281492,0.0,0.25,
2026092819,mert_v1,unweighted,electronic,0.0,-0.11589571858261227,1.1016317065600914,-0.07206847084250602,0.0,0.0,
2026092819,mert_v1,unweighted,pop,0.0,-0.5421060578375065,1.2015021210422463,-0.3593489888045409,0.0,0.75,
2026092819,mert_v1,unweighted,ambient,0.0,-0.3501128821712103,0.7141930502106583,-0.663462621068169,0.0,0.25,
2026092819,mert_v1,unweighted,rock,0.0,-0.11626240862424055,1.3984840826772904,0.3608969257281492,0.0,0.25,
