scope,seed,model,weighting,metric,conservative_minus_blend_min
evaluation,2026092800,maest,ambient_balanced,brier,0.00040304291956966276
evaluation,2026092800,maest,ambient_balanced,log_loss,-0.004216309409775132
evaluation,2026092800,maest,unweighted,brier,0.000998294591950999
evaluation,2026092800,maest,unweighted,log_loss,0.001746572361639387
evaluation,2026092800,mert_v0,ambient_balanced,brier,-0.002415083979387611
evaluation,2026092800,mert_v0,ambient_balanced,log_loss,-0.008816874137031694
evaluation,2026092800,mert_v0,unweighted,brier,-0.0023291574456636432
evaluation,2026092800,mert_v0,unweighted,log_loss,-0.006638988689914527
evaluation,2026092800,mert_v1,ambient_balanced,brier,-0.0014350881128000204
evaluation,2026092800,mert_v1,ambient_balanced,log_loss,-0.00726536231165914
evaluation,2026092800,mert_v1,unweighted,brier,-0.002121331570291596
evaluation,2026092800,mert_v1,unweighted,log_loss,-0.005595039169685678
evaluation,2026092801,maest,ambient_balanced,brier,-0.002555311368583668
evaluation,2026092801,maest,ambient_balanced,log_loss,-0.005645349186482851
evaluation,2026092801,maest,unweighted,brier,-0.0011371834366684652
evaluation,2026092801,maest,unweighted,log_loss,-0.0019031418932567434
evaluation,2026092801,mert_v0,ambient_balanced,brier,-0.0017935071170625816
evaluation,2026092801,mert_v0,ambient_balanced,log_loss,-0.0031013363713063846
evaluation,2026092801,mert_v0,unweighted,brier,-0.00028042845157694174
evaluation,2026092801,mert_v0,unweighted,log_loss,-0.0007385414737399176
evaluation,2026092801,mert_v1,ambient_balanced,brier,-0.002427066277806894
evaluation,2026092801,mert_v1,ambient_balanced,log_loss,-0.005039182744734971
evaluation,2026092801,mert_v1,unweighted,brier,-0.000563930720276079
evaluation,2026092801,mert_v1,unweighted,log_loss,-0.0017879079678055354
evaluation,2026092802,maest,ambient_balanced,brier,0.0036044787338515016
evaluation,2026092802,maest,ambient_balanced,log_loss,0.00895892269217724
evaluation,2026092802,maest,unweighted,brier,0.0
evaluation,2026092802,maest,unweighted,log_loss,0.0
evaluation,2026092802,mert_v0,ambient_balanced,brier,0.007030615821382119
evaluation,2026092802,mert_v0,ambient_balanced,log_loss,0.015153723240297012
evaluation,2026092802,mert_v0,unweighted,brier,0.0007820275849770852
evaluation,2026092802,mert_v0,unweighted,log_loss,-0.00028190045234882666
evaluation,2026092802,mert_v1,ambient_balanced,brier,0.0070822810760654276
evaluation,2026092802,mert_v1,ambient_balanced,log_loss,0.014949216604567106
evaluation,2026092802,mert_v1,unweighted,brier,0.0008121294872416862
evaluation,2026092802,mert_v1,unweighted,log_loss,-0.00042424358388060135
evaluation,2026092803,maest,ambient_balanced,brier,0.006225946483096781
evaluation,2026092803,maest,ambient_balanced,log_loss,0.014031194227198451
evaluation,2026092803,maest,unweighted,brier,-0.0010827301292854752
evaluation,2026092803,maest,unweighted,log_loss,-0.0033547599048122656
evaluation,2026092803,mert_v0,ambient_balanced,brier,0.004690738164125657
evaluation,2026092803,mert_v0,ambient_balanced,log_loss,0.013217729304279946
evaluation,2026092803,mert_v0,unweighted,brier,-0.00023014262767037663
evaluation,2026092803,mert_v0,unweighted,log_loss,-0.00015792735457009766
evaluation,2026092803,mert_v1,ambient_balanced,brier,0.0056148984426313275
evaluation,2026092803,mert_v1,ambient_balanced,log_loss,0.01572777154732502
evaluation,2026092803,mert_v1,unweighted,brier,0.0008197557600892746
evaluation,2026092803,mert_v1,unweighted,log_loss,0.00260375603824764
evaluation,2026092804,maest,ambient_balanced,brier,0.007293625221084468
evaluation,2026092804,maest,ambient_balanced,log_loss,0.01749438818555371
evaluation,2026092804,maest,unweighted,brier,-0.0002872812185729101
evaluation,2026092804,maest,unweighted,log_loss,-0.0011219356922554935
evaluation,2026092804,mert_v0,ambient_balanced,brier,0.004192624883186391
evaluation,2026092804,mert_v0,ambient_balanced,log_loss,0.010633488247976053
evaluation,2026092804,mert_v0,unweighted,brier,0.00021206273960350241
evaluation,2026092804,mert_v0,unweighted,log_loss,0.0005809084855739055
evaluation,2026092804,mert_v1,ambient_balanced,brier,0.003951372957521571
evaluation,2026092804,mert_v1,ambient_balanced,log_loss,0.010041641238836774
evaluation,2026092804,mert_v1,unweighted,brier,0.0
evaluation,2026092804,mert_v1,unweighted,log_loss,0.0
evaluation,2026092805,maest,ambient_balanced,brier,0.004417961318087499
evaluation,2026092805,maest,ambient_balanced,log_loss,0.01019358312824492
evaluation,2026092805,maest,unweighted,brier,0.0009421319259928229
evaluation,2026092805,maest,unweighted,log_loss,0.002518800307358793
evaluation,2026092805,mert_v0,ambient_balanced,brier,0.0038456180427717535
evaluation,2026092805,mert_v0,ambient_balanced,log_loss,0.009824872589684619
evaluation,2026092805,mert_v0,unweighted,brier,0.0007688968800870777
evaluation,2026092805,mert_v0,unweighted,log_loss,0.0016874977442117856
evaluation,2026092805,mert_v1,ambient_balanced,brier,0.005535075985360516
evaluation,2026092805,mert_v1,ambient_balanced,log_loss,0.013355237056142222
evaluation,2026092805,mert_v1,unweighted,brier,0.0017480242461961337
evaluation,2026092805,mert_v1,unweighted,log_loss,0.003553923866596087
evaluation,2026092806,maest,ambient_balanced,brier,0.003774077367131118
evaluation,2026092806,maest,ambient_balanced,log_loss,0.010049920144498015
evaluation,2026092806,maest,unweighted,brier,9.182778624769461e-05
evaluation,2026092806,maest,unweighted,log_loss,0.0006036994194720813
evaluation,2026092806,mert_v0,ambient_balanced,brier,0.004447174546299948
evaluation,2026092806,mert_v0,ambient_balanced,log_loss,0.012831413215625365
evaluation,2026092806,mert_v0,unweighted,brier,0.0014190980777899764
evaluation,2026092806,mert_v0,unweighted,log_loss,0.0048551245533154375
evaluation,2026092806,mert_v1,ambient_balanced,brier,0.004217878662506974
evaluation,2026092806,mert_v1,ambient_balanced,log_loss,0.013766937383437039
evaluation,2026092806,mert_v1,unweighted,brier,0.0017878782780622327
evaluation,2026092806,mert_v1,unweighted,log_loss,0.0062879499574724496
evaluation,2026092807,maest,ambient_balanced,brier,0.004797775910176771
evaluation,2026092807,maest,ambient_balanced,log_loss,0.015541103077012508
evaluation,2026092807,maest,unweighted,brier,0.0016277530260400408
evaluation,2026092807,maest,unweighted,log_loss,0.007486295899221174
evaluation,2026092807,mert_v0,ambient_balanced,brier,0.0006806096776487414
evaluation,2026092807,mert_v0,ambient_balanced,log_loss,-0.0003704671943737248
evaluation,2026092807,mert_v0,unweighted,brier,-0.00032538709774093677
evaluation,2026092807,mert_v0,unweighted,log_loss,-0.0014456011789081291
evaluation,2026092807,mert_v1,ambient_balanced,brier,0.0005050141500186622
evaluation,2026092807,mert_v1,ambient_balanced,log_loss,0.00036131208323275654
evaluation,2026092807,mert_v1,unweighted,brier,-0.0002458134527595357
evaluation,2026092807,mert_v1,unweighted,log_loss,-0.0006849941147083483
evaluation,2026092808,maest,ambient_balanced,brier,0.0026689962808484624
evaluation,2026092808,maest,ambient_balanced,log_loss,0.005676917886909605
evaluation,2026092808,maest,unweighted,brier,0.0
evaluation,2026092808,maest,unweighted,log_loss,0.0
evaluation,2026092808,mert_v0,ambient_balanced,brier,0.0033007974857654776
evaluation,2026092808,mert_v0,ambient_balanced,log_loss,0.004639523216830699
evaluation,2026092808,mert_v0,unweighted,brier,0.0007168983754246017
evaluation,2026092808,mert_v0,unweighted,log_loss,-0.0012202575829913798
evaluation,2026092808,mert_v1,ambient_balanced,brier,0.002605830633054085
evaluation,2026092808,mert_v1,ambient_balanced,log_loss,0.005811585567056188
evaluation,2026092808,mert_v1,unweighted,brier,-0.00018469880216342993
evaluation,2026092808,mert_v1,unweighted,log_loss,-0.00111068226913269
evaluation,2026092809,maest,ambient_balanced,brier,0.0011796632020551479
evaluation,2026092809,maest,ambient_balanced,log_loss,0.0024305768785441995
evaluation,2026092809,maest,unweighted,brier,-0.0004274338512230136
evaluation,2026092809,maest,unweighted,log_loss,-0.001993673803666607
evaluation,2026092809,mert_v0,ambient_balanced,brier,0.005062382925664119
evaluation,2026092809,mert_v0,ambient_balanced,log_loss,0.015880698343767874
evaluation,2026092809,mert_v0,unweighted,brier,0.001961828092193668
evaluation,2026092809,mert_v0,unweighted,log_loss,0.006842596885407004
evaluation,2026092809,mert_v1,ambient_balanced,brier,0.003925472791895146
evaluation,2026092809,mert_v1,ambient_balanced,log_loss,0.01297623170808071
evaluation,2026092809,mert_v1,unweighted,brier,8.46297757929465e-05
evaluation,2026092809,mert_v1,unweighted,log_loss,0.0016192863615082653
evaluation,2026092810,maest,ambient_balanced,brier,0.006671451545978341
evaluation,2026092810,maest,ambient_balanced,log_loss,0.018424091672744614
evaluation,2026092810,maest,unweighted,brier,0.0006153271648297598
evaluation,2026092810,maest,unweighted,log_loss,0.0021647005793480334
evaluation,2026092810,mert_v0,ambient_balanced,brier,0.0017404230821002342
evaluation,2026092810,mert_v0,ambient_balanced,log_loss,0.006769274890082999
evaluation,2026092810,mert_v0,unweighted,brier,-0.0016235917964422808
evaluation,2026092810,mert_v0,unweighted,log_loss,-0.0038551383617539403
evaluation,2026092810,mert_v1,ambient_balanced,brier,0.002398647722027303
evaluation,2026092810,mert_v1,ambient_balanced,log_loss,0.004757229964178988
evaluation,2026092810,mert_v1,unweighted,brier,-0.0014862569281146876
evaluation,2026092810,mert_v1,unweighted,log_loss,-0.0059436644305888575
evaluation,2026092811,maest,ambient_balanced,brier,0.00315294658201265
evaluation,2026092811,maest,ambient_balanced,log_loss,0.0063439562826874685
evaluation,2026092811,maest,unweighted,brier,0.00020538254581736748
evaluation,2026092811,maest,unweighted,log_loss,0.0004347488861985993
evaluation,2026092811,mert_v0,ambient_balanced,brier,0.004326962202501089
evaluation,2026092811,mert_v0,ambient_balanced,log_loss,0.010832054078159015
evaluation,2026092811,mert_v0,unweighted,brier,0.002770577638081917
evaluation,2026092811,mert_v0,unweighted,log_loss,0.007649431748724511
evaluation,2026092811,mert_v1,ambient_balanced,brier,0.0038539876425275066
evaluation,2026092811,mert_v1,ambient_balanced,log_loss,0.011072144294504649
evaluation,2026092811,mert_v1,unweighted,brier,0.002202422949470789
evaluation,2026092811,mert_v1,unweighted,log_loss,0.007076675931182552
evaluation,2026092812,maest,ambient_balanced,brier,0.003142620227717302
evaluation,2026092812,maest,ambient_balanced,log_loss,0.005245387437594118
evaluation,2026092812,maest,unweighted,brier,-9.105479540313932e-05
evaluation,2026092812,maest,unweighted,log_loss,-0.0003659844528902667
evaluation,2026092812,mert_v0,ambient_balanced,brier,0.0034406522131656403
evaluation,2026092812,mert_v0,ambient_balanced,log_loss,0.0068499197538995915
evaluation,2026092812,mert_v0,unweighted,brier,-0.00023199428112319342
evaluation,2026092812,mert_v0,unweighted,log_loss,-0.0006442490064439976
evaluation,2026092812,mert_v1,ambient_balanced,brier,0.004211939257887903
evaluation,2026092812,mert_v1,ambient_balanced,log_loss,0.007583288606488159
evaluation,2026092812,mert_v1,unweighted,brier,0.0
evaluation,2026092812,mert_v1,unweighted,log_loss,0.0
evaluation,2026092813,maest,ambient_balanced,brier,0.00019217399830917525
evaluation,2026092813,maest,ambient_balanced,log_loss,-0.0001314684077346473
evaluation,2026092813,maest,unweighted,brier,0.0
evaluation,2026092813,maest,unweighted,log_loss,0.0
evaluation,2026092813,mert_v0,ambient_balanced,brier,0.002366475039201593
evaluation,2026092813,mert_v0,ambient_balanced,log_loss,0.007676329903729073
evaluation,2026092813,mert_v0,unweighted,brier,0.0005562093361390352
evaluation,2026092813,mert_v0,unweighted,log_loss,0.0017881289484344975
evaluation,2026092813,mert_v1,ambient_balanced,brier,0.002501837586681155
evaluation,2026092813,mert_v1,ambient_balanced,log_loss,0.00785439950937089
evaluation,2026092813,mert_v1,unweighted,brier,0.0007394019767830717
evaluation,2026092813,mert_v1,unweighted,log_loss,0.0024529461694791643
evaluation,2026092814,maest,ambient_balanced,brier,0.0005000527819066791
evaluation,2026092814,maest,ambient_balanced,log_loss,-0.0011405966188217098
evaluation,2026092814,maest,unweighted,brier,-0.00048619445635464387
evaluation,2026092814,maest,unweighted,log_loss,-0.0012154115730317328
evaluation,2026092814,mert_v0,ambient_balanced,brier,0.002354379809520024
evaluation,2026092814,mert_v0,ambient_balanced,log_loss,0.0059293671887412636
evaluation,2026092814,mert_v0,unweighted,brier,0.0008649022454609856
evaluation,2026092814,mert_v0,unweighted,log_loss,0.0028468690132031904
evaluation,2026092814,mert_v1,ambient_balanced,brier,0.0026833266476624373
evaluation,2026092814,mert_v1,ambient_balanced,log_loss,0.006528757248014105
evaluation,2026092814,mert_v1,unweighted,brier,0.0010948658911346942
evaluation,2026092814,mert_v1,unweighted,log_loss,0.003327982425783582
evaluation,2026092815,maest,ambient_balanced,brier,0.001749468364404233
evaluation,2026092815,maest,ambient_balanced,log_loss,0.004424243815271789
evaluation,2026092815,maest,unweighted,brier,0.0
evaluation,2026092815,maest,unweighted,log_loss,0.0
evaluation,2026092815,mert_v0,ambient_balanced,brier,0.002939488704330362
evaluation,2026092815,mert_v0,ambient_balanced,log_loss,0.007285333467116795
evaluation,2026092815,mert_v0,unweighted,brier,0.0
evaluation,2026092815,mert_v0,unweighted,log_loss,0.0
evaluation,2026092815,mert_v1,ambient_balanced,brier,0.0033385557405523902
evaluation,2026092815,mert_v1,ambient_balanced,log_loss,0.00904765749808728
evaluation,2026092815,mert_v1,unweighted,brier,0.0003014169049870563
evaluation,2026092815,mert_v1,unweighted,log_loss,0.001072428445438256
evaluation,2026092816,maest,ambient_balanced,brier,0.0026117050062551272
evaluation,2026092816,maest,ambient_balanced,log_loss,0.006929182073321327
evaluation,2026092816,maest,unweighted,brier,-6.984396779571855e-05
evaluation,2026092816,maest,unweighted,log_loss,0.0004879174655064711
evaluation,2026092816,mert_v0,ambient_balanced,brier,0.0032109312474017937
evaluation,2026092816,mert_v0,ambient_balanced,log_loss,0.009243750190893019
evaluation,2026092816,mert_v0,unweighted,brier,-0.00036708349461128664
evaluation,2026092816,mert_v0,unweighted,log_loss,8.934940288685134e-05
evaluation,2026092816,mert_v1,ambient_balanced,brier,0.004081712224399431
evaluation,2026092816,mert_v1,ambient_balanced,log_loss,0.011732052026566242
evaluation,2026092816,mert_v1,unweighted,brier,-0.00044360064264958865
evaluation,2026092816,mert_v1,unweighted,log_loss,9.443623369675969e-05
evaluation,2026092817,maest,ambient_balanced,brier,-0.0006032919383749114
evaluation,2026092817,maest,ambient_balanced,log_loss,-0.0006952323223729517
evaluation,2026092817,maest,unweighted,brier,-0.00028223893048864857
evaluation,2026092817,maest,unweighted,log_loss,-0.0007140201204849372
evaluation,2026092817,mert_v0,ambient_balanced,brier,0.0003781704675390185
evaluation,2026092817,mert_v0,ambient_balanced,log_loss,0.0024677418056295863
evaluation,2026092817,mert_v0,unweighted,brier,9.345046289796488e-05
evaluation,2026092817,mert_v0,unweighted,log_loss,0.00041997621008349473
evaluation,2026092817,mert_v1,ambient_balanced,brier,0.001132363273572301
evaluation,2026092817,mert_v1,ambient_balanced,log_loss,0.004139530862596108
evaluation,2026092817,mert_v1,unweighted,brier,0.0004810538175918644
evaluation,2026092817,mert_v1,unweighted,log_loss,0.0017421777719375253
evaluation,2026092818,maest,ambient_balanced,brier,0.003059985845867197
evaluation,2026092818,maest,ambient_balanced,log_loss,0.006464170937838909
evaluation,2026092818,maest,unweighted,brier,-0.000496982414064498
evaluation,2026092818,maest,unweighted,log_loss,-0.002307615346885117
evaluation,2026092818,mert_v0,ambient_balanced,brier,0.008729117147465826
evaluation,2026092818,mert_v0,ambient_balanced,log_loss,0.018933824761515394
evaluation,2026092818,mert_v0,unweighted,brier,0.0012831419222213702
evaluation,2026092818,mert_v0,unweighted,log_loss,0.0006601745048678831
evaluation,2026092818,mert_v1,ambient_balanced,brier,0.008026018287845771
evaluation,2026092818,mert_v1,ambient_balanced,log_loss,0.018392244879031572
evaluation,2026092818,mert_v1,unweighted,brier,0.0007950346944570752
evaluation,2026092818,mert_v1,unweighted,log_loss,-0.0004193044181872718
evaluation,2026092819,maest,ambient_balanced,brier,-0.004178476147507992
evaluation,2026092819,maest,ambient_balanced,log_loss,-0.01227059912563333
evaluation,2026092819,maest,unweighted,brier,-0.0011840281725358781
evaluation,2026092819,maest,unweighted,log_loss,-0.005522765596347845
evaluation,2026092819,mert_v0,ambient_balanced,brier,-0.0016929898708439306
evaluation,2026092819,mert_v0,ambient_balanced,log_loss,-0.005746192667473726
evaluation,2026092819,mert_v0,unweighted,brier,-0.000171143181435518
evaluation,2026092819,mert_v0,unweighted,log_loss,-0.002555680075381095
evaluation,2026092819,mert_v1,ambient_balanced,brier,-0.0022186045361539952
evaluation,2026092819,mert_v1,ambient_balanced,log_loss,-0.006615064675464577
evaluation,2026092819,mert_v1,unweighted,brier,-9.876585834536766e-05
evaluation,2026092819,mert_v1,unweighted,log_loss,-0.0022357237871764024
retrospective,2026092800,maest,ambient_balanced,brier,0.0011646992227143521
retrospective,2026092800,maest,ambient_balanced,log_loss,-0.0005228344683244623
retrospective,2026092800,maest,unweighted,brier,-0.0002969546561105152
retrospective,2026092800,maest,unweighted,log_loss,-0.002329768346679195
retrospective,2026092800,mert_v0,ambient_balanced,brier,0.0012179914118331803
retrospective,2026092800,mert_v0,ambient_balanced,log_loss,0.0028918437491554094
retrospective,2026092800,mert_v0,unweighted,brier,8.157331230532194e-05
retrospective,2026092800,mert_v0,unweighted,log_loss,-0.0015435500003509461
retrospective,2026092800,mert_v1,ambient_balanced,brier,0.002734508901060445
retrospective,2026092800,mert_v1,ambient_balanced,log_loss,0.005858605609974421
retrospective,2026092800,mert_v1,unweighted,brier,0.0009959747843273081
retrospective,2026092800,mert_v1,unweighted,log_loss,0.0006337465509289042
retrospective,2026092801,maest,ambient_balanced,brier,-0.0008692189649253668
retrospective,2026092801,maest,ambient_balanced,log_loss,-0.0015071447531957993
retrospective,2026092801,maest,unweighted,brier,-0.000993977496277415
retrospective,2026092801,maest,unweighted,log_loss,-0.0017252299131687021
retrospective,2026092801,mert_v0,ambient_balanced,brier,-0.00032826080486900167
retrospective,2026092801,mert_v0,ambient_balanced,log_loss,0.00013599027696353794
retrospective,2026092801,mert_v0,unweighted,brier,-0.0002381695411861895
retrospective,2026092801,mert_v0,unweighted,log_loss,-0.0007295375306812235
retrospective,2026092801,mert_v1,ambient_balanced,brier,0.0005381592189272755
retrospective,2026092801,mert_v1,ambient_balanced,log_loss,0.004131016155143552
retrospective,2026092801,mert_v1,unweighted,brier,0.0007200865697722103
retrospective,2026092801,mert_v1,unweighted,log_loss,0.0028718041340829448
retrospective,2026092802,maest,ambient_balanced,brier,0.003681431339912361
retrospective,2026092802,maest,ambient_balanced,log_loss,0.008685397738450062
retrospective,2026092802,maest,unweighted,brier,0.0
retrospective,2026092802,maest,unweighted,log_loss,0.0
retrospective,2026092802,mert_v0,ambient_balanced,brier,0.00459065050980631
retrospective,2026092802,mert_v0,ambient_balanced,log_loss,0.00988557740096857
retrospective,2026092802,mert_v0,unweighted,brier,-0.00025851056748246726
retrospective,2026092802,mert_v0,unweighted,log_loss,-0.0021376405294828427
retrospective,2026092802,mert_v1,ambient_balanced,brier,0.004326334831029011
retrospective,2026092802,mert_v1,ambient_balanced,log_loss,0.008910228482485072
retrospective,2026092802,mert_v1,unweighted,brier,-0.0004897329052626631
retrospective,2026092802,mert_v1,unweighted,log_loss,-0.0033575198561410224
retrospective,2026092803,maest,ambient_balanced,brier,0.0030260903899859415
retrospective,2026092803,maest,ambient_balanced,log_loss,0.007818103654232467
retrospective,2026092803,maest,unweighted,brier,-0.001019642652884234
retrospective,2026092803,maest,unweighted,log_loss,-0.001807338431658978
retrospective,2026092803,mert_v0,ambient_balanced,brier,0.0022680717372499937
retrospective,2026092803,mert_v0,ambient_balanced,log_loss,0.007003180442648693
retrospective,2026092803,mert_v0,unweighted,brier,0.00015492483518247946
retrospective,2026092803,mert_v0,unweighted,log_loss,0.0005772220047433607
retrospective,2026092803,mert_v1,ambient_balanced,brier,0.0016002997561250787
retrospective,2026092803,mert_v1,ambient_balanced,log_loss,0.005908130467365713
retrospective,2026092803,mert_v1,unweighted,brier,0.00010277112635279084
retrospective,2026092803,mert_v1,unweighted,log_loss,0.0002987690845964175
retrospective,2026092804,maest,ambient_balanced,brier,0.0062906071239039185
retrospective,2026092804,maest,ambient_balanced,log_loss,0.01464365379026844
retrospective,2026092804,maest,unweighted,brier,-0.00026160841372666055
retrospective,2026092804,maest,unweighted,log_loss,-0.0006136082590791347
retrospective,2026092804,mert_v0,ambient_balanced,brier,0.0034316106089172516
retrospective,2026092804,mert_v0,ambient_balanced,log_loss,0.008956204146514768
retrospective,2026092804,mert_v0,unweighted,brier,0.00014048036923255958
retrospective,2026092804,mert_v0,unweighted,log_loss,0.00013846301398756644
retrospective,2026092804,mert_v1,ambient_balanced,brier,0.0032626012734841836
retrospective,2026092804,mert_v1,ambient_balanced,log_loss,0.008983497775458815
retrospective,2026092804,mert_v1,unweighted,brier,0.0
retrospective,2026092804,mert_v1,unweighted,log_loss,0.0
retrospective,2026092805,maest,ambient_balanced,brier,0.0018456467798412257
retrospective,2026092805,maest,ambient_balanced,log_loss,0.00498156328396171
retrospective,2026092805,maest,unweighted,brier,-7.572693050256207e-05
retrospective,2026092805,maest,unweighted,log_loss,5.831035977288401e-06
retrospective,2026092805,mert_v0,ambient_balanced,brier,0.0022896536377651766
retrospective,2026092805,mert_v0,ambient_balanced,log_loss,0.006423430142512565
retrospective,2026092805,mert_v0,unweighted,brier,0.00013191567045767183
retrospective,2026092805,mert_v0,unweighted,log_loss,-6.785366203482246e-05
retrospective,2026092805,mert_v1,ambient_balanced,brier,0.0027907174558416126
retrospective,2026092805,mert_v1,ambient_balanced,log_loss,0.00783770685746743
retrospective,2026092805,mert_v1,unweighted,brier,0.00011554705757532702
retrospective,2026092805,mert_v1,unweighted,log_loss,-4.057279040681205e-06
retrospective,2026092806,maest,ambient_balanced,brier,0.004067568499033752
retrospective,2026092806,maest,ambient_balanced,log_loss,0.009185069962208692
retrospective,2026092806,maest,unweighted,brier,-0.0001271421902922787
retrospective,2026092806,maest,unweighted,log_loss,-0.00021989654547671655
retrospective,2026092806,mert_v0,ambient_balanced,brier,0.002806306089681271
retrospective,2026092806,mert_v0,ambient_balanced,log_loss,0.006899361785973002
retrospective,2026092806,mert_v0,unweighted,brier,0.0009661309292131048
retrospective,2026092806,mert_v0,unweighted,log_loss,0.0015922927848859847
retrospective,2026092806,mert_v1,ambient_balanced,brier,0.002406653393568353
retrospective,2026092806,mert_v1,ambient_balanced,log_loss,0.007561153964572187
retrospective,2026092806,mert_v1,unweighted,brier,0.0007415531739281278
retrospective,2026092806,mert_v1,unweighted,log_loss,0.00164558591916536
retrospective,2026092807,maest,ambient_balanced,brier,0.004273458740974484
retrospective,2026092807,maest,ambient_balanced,log_loss,0.011837168970277367
retrospective,2026092807,maest,unweighted,brier,-0.0003394317527873475
retrospective,2026092807,maest,unweighted,log_loss,0.0003465692698564893
retrospective,2026092807,mert_v0,ambient_balanced,brier,0.0027054180903086367
retrospective,2026092807,mert_v0,ambient_balanced,log_loss,0.007830253918270524
retrospective,2026092807,mert_v0,unweighted,brier,0.0009442567957422543
retrospective,2026092807,mert_v0,unweighted,log_loss,0.002750873745948512
retrospective,2026092807,mert_v1,ambient_balanced,brier,0.0023669578374933276
retrospective,2026092807,mert_v1,ambient_balanced,log_loss,0.006917167781940459
retrospective,2026092807,mert_v1,unweighted,brier,0.0005418797119824403
retrospective,2026092807,mert_v1,unweighted,log_loss,0.0018200200346683015
retrospective,2026092808,maest,ambient_balanced,brier,0.002667659312190429
retrospective,2026092808,maest,ambient_balanced,log_loss,0.005252336858222129
retrospective,2026092808,maest,unweighted,brier,0.0
retrospective,2026092808,maest,unweighted,log_loss,0.0
retrospective,2026092808,mert_v0,ambient_balanced,brier,0.0032178151467332217
retrospective,2026092808,mert_v0,ambient_balanced,log_loss,0.005841648458266735
retrospective,2026092808,mert_v0,unweighted,brier,0.0009619508572492885
retrospective,2026092808,mert_v0,unweighted,log_loss,2.9680651984831385e-05
retrospective,2026092808,mert_v1,ambient_balanced,brier,0.004081647857245019
retrospective,2026092808,mert_v1,ambient_balanced,log_loss,0.009490182722734941
retrospective,2026092808,mert_v1,unweighted,brier,0.0017890025393791642
retrospective,2026092808,mert_v1,unweighted,log_loss,0.002793783996865973
retrospective,2026092809,maest,ambient_balanced,brier,0.0005941476131562928
retrospective,2026092809,maest,ambient_balanced,log_loss,0.0014151749186496754
retrospective,2026092809,maest,unweighted,brier,-0.0009746062225918506
retrospective,2026092809,maest,unweighted,log_loss,-0.002139460203431809
retrospective,2026092809,mert_v0,ambient_balanced,brier,0.0014239266723463095
retrospective,2026092809,mert_v0,ambient_balanced,log_loss,0.0025447542606611417
retrospective,2026092809,mert_v0,unweighted,brier,3.408898251044956e-05
retrospective,2026092809,mert_v0,unweighted,log_loss,-0.0018714248407167844
retrospective,2026092809,mert_v1,ambient_balanced,brier,0.00187423064676151
retrospective,2026092809,mert_v1,ambient_balanced,log_loss,0.006876723256657502
retrospective,2026092809,mert_v1,unweighted,brier,-4.17990853987249e-05
retrospective,2026092809,mert_v1,unweighted,log_loss,0.0008217718494393234
retrospective,2026092810,maest,ambient_balanced,brier,0.00442684916500749
retrospective,2026092810,maest,ambient_balanced,log_loss,0.008852522426993414
retrospective,2026092810,maest,unweighted,brier,-0.0006419177240432894
retrospective,2026092810,maest,unweighted,log_loss,-0.003444669778030207
retrospective,2026092810,mert_v0,ambient_balanced,brier,0.0026440929385590783
retrospective,2026092810,mert_v0,ambient_balanced,log_loss,0.0031153781473460262
retrospective,2026092810,mert_v0,unweighted,brier,0.00013683429976074635
retrospective,2026092810,mert_v0,unweighted,log_loss,-0.004471102766645363
retrospective,2026092810,mert_v1,ambient_balanced,brier,0.0030950660746751346
retrospective,2026092810,mert_v1,ambient_balanced,log_loss,0.005839118081294059
retrospective,2026092810,mert_v1,unweighted,brier,0.0007111244674473105
retrospective,2026092810,mert_v1,unweighted,log_loss,-0.001404143930824664
retrospective,2026092811,maest,ambient_balanced,brier,0.0035775178087986137
retrospective,2026092811,maest,ambient_balanced,log_loss,0.008205026445596453
retrospective,2026092811,maest,unweighted,brier,-7.580919314797985e-07
retrospective,2026092811,maest,unweighted,log_loss,0.0001515748555137031
retrospective,2026092811,mert_v0,ambient_balanced,brier,0.001172828543032467
retrospective,2026092811,mert_v0,ambient_balanced,log_loss,0.001824033723590468
retrospective,2026092811,mert_v0,unweighted,brier,0.0003146751287666505
retrospective,2026092811,mert_v0,unweighted,log_loss,-0.0009484655375733841
retrospective,2026092811,mert_v1,ambient_balanced,brier,0.0003554423772989257
retrospective,2026092811,mert_v1,ambient_balanced,log_loss,0.0004066263113202684
retrospective,2026092811,mert_v1,unweighted,brier,-0.00042729274593408806
retrospective,2026092811,mert_v1,unweighted,log_loss,-0.0024883367897376996
retrospective,2026092812,maest,ambient_balanced,brier,0.001540970072677339
retrospective,2026092812,maest,ambient_balanced,log_loss,0.0014926987032078953
retrospective,2026092812,maest,unweighted,brier,1.565492513111444e-05
retrospective,2026092812,maest,unweighted,log_loss,-0.00021026638631910233
retrospective,2026092812,mert_v0,ambient_balanced,brier,0.001318435446458932
retrospective,2026092812,mert_v0,ambient_balanced,log_loss,0.004019108216329836
retrospective,2026092812,mert_v0,unweighted,brier,9.954905285702864e-05
retrospective,2026092812,mert_v0,unweighted,log_loss,0.00037417964036889906
retrospective,2026092812,mert_v1,ambient_balanced,brier,0.0009195309279818598
retrospective,2026092812,mert_v1,ambient_balanced,log_loss,0.003637718597178652
retrospective,2026092812,mert_v1,unweighted,brier,0.0
retrospective,2026092812,mert_v1,unweighted,log_loss,0.0
retrospective,2026092813,maest,ambient_balanced,brier,0.001258302095067304
retrospective,2026092813,maest,ambient_balanced,log_loss,0.001254940585992237
retrospective,2026092813,maest,unweighted,brier,0.0
retrospective,2026092813,maest,unweighted,log_loss,0.0
retrospective,2026092813,mert_v0,ambient_balanced,brier,0.001344414978981967
retrospective,2026092813,mert_v0,ambient_balanced,log_loss,0.004266497000888825
retrospective,2026092813,mert_v0,unweighted,brier,0.0002339049565982798
retrospective,2026092813,mert_v0,unweighted,log_loss,0.0004837340128908685
retrospective,2026092813,mert_v1,ambient_balanced,brier,0.0011761917943379774
retrospective,2026092813,mert_v1,ambient_balanced,log_loss,0.004210200822714227
retrospective,2026092813,mert_v1,unweighted,brier,0.0002654917162867587
retrospective,2026092813,mert_v1,unweighted,log_loss,0.0006764996396734224
retrospective,2026092814,maest,ambient_balanced,brier,0.0013893169116860615
retrospective,2026092814,maest,ambient_balanced,log_loss,0.0019105263076874546
retrospective,2026092814,maest,unweighted,brier,-0.0002374096038148532
retrospective,2026092814,maest,unweighted,log_loss,-0.0009993258219623824
retrospective,2026092814,mert_v0,ambient_balanced,brier,0.002243876358076713
retrospective,2026092814,mert_v0,ambient_balanced,log_loss,0.006447369527370572
retrospective,2026092814,mert_v0,unweighted,brier,0.0009388456095246467
retrospective,2026092814,mert_v0,unweighted,log_loss,0.001895881904028951
retrospective,2026092814,mert_v1,ambient_balanced,brier,0.001947189020177681
retrospective,2026092814,mert_v1,ambient_balanced,log_loss,0.006521730697332528
retrospective,2026092814,mert_v1,unweighted,brier,0.0005879936199070235
retrospective,2026092814,mert_v1,unweighted,log_loss,0.0014675476354251704
retrospective,2026092815,maest,ambient_balanced,brier,0.0016340372537549108
retrospective,2026092815,maest,ambient_balanced,log_loss,0.004288660793551724
retrospective,2026092815,maest,unweighted,brier,0.0
retrospective,2026092815,maest,unweighted,log_loss,0.0
retrospective,2026092815,mert_v0,ambient_balanced,brier,0.002237614175381125
retrospective,2026092815,mert_v0,ambient_balanced,log_loss,0.006574347629595134
retrospective,2026092815,mert_v0,unweighted,brier,0.0
retrospective,2026092815,mert_v0,unweighted,log_loss,0.0
retrospective,2026092815,mert_v1,ambient_balanced,brier,0.002348058975618711
retrospective,2026092815,mert_v1,ambient_balanced,log_loss,0.007291446121442002
retrospective,2026092815,mert_v1,unweighted,brier,0.0003131692583621115
retrospective,2026092815,mert_v1,unweighted,log_loss,0.0009741599057235262
retrospective,2026092816,maest,ambient_balanced,brier,0.0012352137222565451
retrospective,2026092816,maest,ambient_balanced,log_loss,0.0036608104265142827
retrospective,2026092816,maest,unweighted,brier,-0.00017845543112693374
retrospective,2026092816,maest,unweighted,log_loss,0.00035305128997786817
retrospective,2026092816,mert_v0,ambient_balanced,brier,0.0016009335767142585
retrospective,2026092816,mert_v0,ambient_balanced,log_loss,0.00504520312037543
retrospective,2026092816,mert_v0,unweighted,brier,0.0005211323318831396
retrospective,2026092816,mert_v0,unweighted,log_loss,0.0006615585588361506
retrospective,2026092816,mert_v1,ambient_balanced,brier,0.002134423511602257
retrospective,2026092816,mert_v1,ambient_balanced,log_loss,0.007269219393422732
retrospective,2026092816,mert_v1,unweighted,brier,0.000535594849493809
retrospective,2026092816,mert_v1,unweighted,log_loss,0.0017858671831101902
retrospective,2026092817,maest,ambient_balanced,brier,0.0011994965915361755
retrospective,2026092817,maest,ambient_balanced,log_loss,0.0033573042396157216
retrospective,2026092817,maest,unweighted,brier,7.296889933597339e-05
retrospective,2026092817,maest,unweighted,log_loss,0.0006629509443557002
retrospective,2026092817,mert_v0,ambient_balanced,brier,0.0016942761063377942
retrospective,2026092817,mert_v0,ambient_balanced,log_loss,0.004441188983474009
retrospective,2026092817,mert_v0,unweighted,brier,-0.00016191662519987604
retrospective,2026092817,mert_v0,unweighted,log_loss,-0.0014827100843758378
retrospective,2026092817,mert_v1,ambient_balanced,brier,0.0014949551120903848
retrospective,2026092817,mert_v1,ambient_balanced,log_loss,0.004538341290288961
retrospective,2026092817,mert_v1,unweighted,brier,-9.316435215445118e-05
retrospective,2026092817,mert_v1,unweighted,log_loss,-0.0005324553231421114
retrospective,2026092818,maest,ambient_balanced,brier,0.0015981055565583158
retrospective,2026092818,maest,ambient_balanced,log_loss,0.0035217316995707626
retrospective,2026092818,maest,unweighted,brier,-0.0022481958486569864
retrospective,2026092818,maest,unweighted,log_loss,-0.004284510849295431
retrospective,2026092818,mert_v0,ambient_balanced,brier,0.005925331975474596
retrospective,2026092818,mert_v0,ambient_balanced,log_loss,0.013496024039075794
retrospective,2026092818,mert_v0,unweighted,brier,0.0003393777688192323
retrospective,2026092818,mert_v0,unweighted,log_loss,-0.0011922657670591086
retrospective,2026092818,mert_v1,ambient_balanced,brier,0.006028200270181638
retrospective,2026092818,mert_v1,ambient_balanced,log_loss,0.014936984183514468
retrospective,2026092818,mert_v1,unweighted,brier,0.0008078643389975715
retrospective,2026092818,mert_v1,unweighted,log_loss,0.0003146062468656896
retrospective,2026092819,maest,ambient_balanced,brier,-0.0029407505198826844
retrospective,2026092819,maest,ambient_balanced,log_loss,-0.007495130702363517
retrospective,2026092819,maest,unweighted,brier,-0.0016717991215914052
retrospective,2026092819,maest,unweighted,log_loss,-0.004908604987827914
retrospective,2026092819,mert_v0,ambient_balanced,brier,-0.0005193160967987831
retrospective,2026092819,mert_v0,ambient_balanced,log_loss,-0.0008449694544619413
retrospective,2026092819,mert_v0,unweighted,brier,-0.00029915953108816673
retrospective,2026092819,mert_v0,unweighted,log_loss,-0.0022221723981453723
retrospective,2026092819,mert_v1,ambient_balanced,brier,-0.0010412511838936989
retrospective,2026092819,mert_v1,ambient_balanced,log_loss,-0.0024050015522111834
retrospective,2026092819,mert_v1,unweighted,brier,-0.0006284323100433364
retrospective,2026092819,mert_v1,unweighted,log_loss,-0.0028013222683735406
